source_platform,source_venue_id,venue_name,venue_url,address,city,latitude,longitude,categories,price_tier,rating,rating_count,phone,website,opening_hours,has_menu,menu_url,extraction_status,retrieved_at,venue_type,target_classification,has_price,geocoding_confidence,all_names,nil_quartiere,name_source,source_provenance,opening_hours_source
osm,4449378072,Bar Cupido Bistrot,,"Fondamente Nove 5043, 30121, Venezia",Venezia,45.442884,12.340802,,,,,+39 041 523 5687,,Mo-Su 05:30-22:00,False,,no_price,2026-06-02T10:14:04Z,bistro,TARGET,False,existing,Bar Cupido Bistrot,,osm_overpass,osm,osm
osm,4857557094,Bistrot Santa Lucia,,Venezia,Venezia,45.440725,12.320418,,,,,,,Mo-Su 12:00-00:00,False,,no_price,2026-06-02T10:14:04Z,bistro,TARGET,False,existing,Bistrot Santa Lucia,,osm_overpass,osm,typical_by_type
osm,5341614921,Caffé Bistrot,,"Rio Tera' San Leonardo 1409, 30121, Venezia",Venezia,45.443991,12.328355,,,,,,,Mo-Su 12:00-00:00,False,,no_price,2026-06-02T10:14:04Z,bistro,TARGET,False,existing,Caffé Bistrot,,osm_overpass,osm,typical_by_type
osm,11112824528,1000,,Venezia,Venezia,45.443296,12.331179,,,,,,,Mo-Su 07:00-20:00,False,,no_price,2026-06-02T10:14:04Z,cafe,TARGET,False,existing,1000,,osm_overpass,osm,typical_by_type
osm,5938408385,12 Oz Coffee Joint,,"3938;3940;3942, Venezia",Venezia,45.441064,12.334367,,,,,+39 041 237 6641,,"Mo-Th 08:00-18:00; Fr,Sa 08:00-19:00; Su 08:00-18:00",False,,no_price,2026-06-02T10:14:04Z,cafe,TARGET,False,existing,12 Oz Coffee Joint,,osm_overpass,osm,osm
osm,5048106776,A La Vecia Papussa,,"Fondamenta de la Misericordia 2612, 30121, Venezia",Venezia,45.445014,12.330613,,,,,+390415256030,http://alaveciapapussa.it/,Mo-Su 07:00-20:00,False,,no_price,2026-06-02T10:14:04Z,cafe,TARGET,False,existing,A La Vecia Papussa,,osm_overpass,osm,typical_by_type
osm,7797035492,Ae dò Ombre,,"Via Giuseppe Garibaldi 1476, Venezia",Venezia,45.432171,12.353579,,,,,,https://aedoombre.com/,Mo-Su 09:00-01:00,False,,no_price,2026-06-02T10:14:04Z,cafe,TARGET,False,existing,Ae dò Ombre,,osm_overpass,osm,osm
osm,6611821885,AE Veste,,Venezia,Venezia,45.433456,12.334275,,,,,,,Mo-Su 07:00-20:00,False,,no_price,2026-06-02T10:14:04Z,cafe,TARGET,False,existing,AE Veste,,osm_overpass,osm,typical_by_type
osm,4216768831,Ai DiVini,,"5905, 30121, Venezia",Venezia,45.439646,12.337413,,,,,,,Mo-Su 07:00-20:00,False,,no_price,2026-06-02T10:14:04Z,cafe,TARGET,False,existing,Ai DiVini,,osm_overpass,osm,typical_by_type
osm,9200841397,Ai Ragusei,,Venezia,Venezia,45.434916,12.320918,,,,,,,Mo-Su 07:00-20:00,False,,no_price,2026-06-02T10:14:04Z,cafe,TARGET,False,existing,Ai Ragusei,,osm_overpass,osm,typical_by_type
osm,4195435790,Ai Santi,,"Calle de l'Oca 4430, 30121, Venezia",Venezia,45.440650,12.336306,,,,,+39 041 5285590,,Mo-Su 07:00-20:00,False,,no_price,2026-06-02T10:14:04Z,cafe,TARGET,False,existing,Ai Santi,,osm_overpass,osm,typical_by_type
osm,5842486919,Al Bateo Centrale,,Venezia,Venezia,45.426579,12.325504,,,,,,,Mo-Su 07:00-20:00,False,,no_price,2026-06-02T10:14:04Z,cafe,TARGET,False,existing,Al Bateo Centrale,,osm_overpass,osm,typical_by_type
osm,976018825,Al Cant(on) The Beach,,Venezia,Venezia,45.418831,12.381776,,,,,,,Mo-Su 07:00-20:00,False,,no_price,2026-06-02T10:14:04Z,cafe,TARGET,False,existing,Al Cant(on) The Beach,,osm_overpass,osm,typical_by_type
osm,1202810066,Al Canton,,"Campo San Donato 20, Venezia",Venezia,45.457683,12.357534,,,,,+390415275186,www.osterialcanton.com,Mo-Su 07:00-20:00,False,,no_price,2026-06-02T10:14:04Z,cafe,TARGET,False,existing,Al Canton,,osm_overpass,osm,typical_by_type
osm,1777146001,Al canton,,Venezia,Venezia,45.434295,12.316820,,,,,,,Mo-Su 07:00-20:00,False,,no_price,2026-06-02T10:14:04Z,cafe,TARGET,False,existing,Al canton,,osm_overpass,osm,typical_by_type
osm,2497573568,Al Canton del Galle,,Venezia,Venezia,45.416265,12.370414,,,,,,,Mo-Su 07:00-20:00,False,,no_price,2026-06-02T10:14:04Z,cafe,TARGET,False,existing,Al Canton del Galle,,osm_overpass,osm,typical_by_type
osm,13881645201,Al Cervi,,"Strada Nova 4186, Venezia",Venezia,45.441015,12.334785,,,,,,,Mo-Su 07:00-20:00,False,,no_price,2026-06-02T10:14:04Z,cafe,TARGET,False,existing,Al Cervi,,osm_overpass,osm,typical_by_type
osm,4698937794,al cicheto,,"367, 30121, Venezia",Venezia,45.442429,12.322796,,,,,,,Mo-Su 07:00-20:00,False,,no_price,2026-06-02T10:14:04Z,cafe,TARGET,False,existing,al cicheto,,osm_overpass,osm,typical_by_type
osm,11215166291,Al Leon Bianco,,"Campo de l'Arsenal 2408, Venezia",Venezia,45.434760,12.349635,,,,,,,Mo-Su 07:00-20:00,False,,no_price,2026-06-02T10:14:04Z,cafe,TARGET,False,existing,Al Leon Bianco,,osm_overpass,osm,typical_by_type
osm,4492301496,Al Mercá,,"213, 30125, Venezia",Venezia,45.438962,12.335033,,,,,,,Mo-Su 07:00-20:00,False,,no_price,2026-06-02T10:14:04Z,cafe,TARGET,False,existing,Al Mercá,,osm_overpass,osm,typical_by_type
osm,2785171261,Al Parlamento,,"511, 30121, Venezia",Venezia,45.444775,12.322553,,,,,,,Mo-Su 07:00-20:00,False,,no_price,2026-06-02T10:14:04Z,cafe,TARGET,False,existing,Al Parlamento,,osm_overpass,osm,typical_by_type
osm,4878879683,Al Ponte,,Venezia,Venezia,45.429078,12.359579,,,,,,,Mo-Su 07:00-20:00,False,,no_price,2026-06-02T10:14:04Z,cafe,TARGET,False,existing,Al Ponte,,osm_overpass,osm,typical_by_type
osm,4492364089,Al Timon,,"Fondamenta degli Ormesini 2754, 30121, Venezia",Venezia,45.445561,12.328437,,,,,,,We-Mo 16:00-01:00; Tu off,False,,no_price,2026-06-02T10:14:04Z,cafe,TARGET,False,existing,Al Timon,,osm_overpass,osm,osm
osm,5937822885,al vecio calice,,Venezia,Venezia,45.432124,12.351170,,,,,,,Mo-Su 07:00-20:00,False,,no_price,2026-06-02T10:14:04Z,cafe,TARGET,False,existing,al vecio calice,,osm_overpass,osm,typical_by_type
osm,1879269046,All'Angolo,,Venezia,Venezia,45.433778,12.330622,,,,,,,Mo-Su 07:00-20:00,False,,no_price,2026-06-02T10:14:04Z,cafe,TARGET,False,existing,All'Angolo,,osm_overpass,osm,typical_by_type
osm,4492301498,All'Arco,,"Calle de l'Ochialer 1451, 30125, Venezia",Venezia,45.438887,12.334039,,,,,,,Mo-Su 07:00-20:00,False,,no_price,2026-06-02T10:14:04Z,cafe,TARGET,False,existing,All'Arco,,osm_overpass,osm,typical_by_type
osm,2964496690,Alla Bragora,,"Salizada Sant'Antonin 3604, 30122, Venezia",Venezia,45.434996,12.346840,,,,,+39 041 639 3527,,Mo-Su 07:00-20:00; PH closed,False,,no_price,2026-06-02T10:14:04Z,cafe,TARGET,False,existing,Alla Bragora,,osm_overpass,osm,osm
osm,1609073433,Alla Città di Torino,,Venezia,Venezia,45.435924,12.335117,,,,,,,Mo-Su 07:00-20:00,False,,no_price,2026-06-02T10:14:04Z,cafe,TARGET,False,existing,Alla Città di Torino,,osm_overpass,osm,typical_by_type
osm,13197663201,Alla Fonda,,"Calle de la Galeazza 405, 30125, Venezia",Venezia,45.438918,12.334322,,,,,,,Mo-Su 09:00-19:30,False,,no_price,2026-06-02T10:14:04Z,cafe,TARGET,False,existing,Alla Fonda,,osm_overpass,osm,osm
osm,7777716585,Amo,,Venezia,Venezia,45.438289,12.336703,,,,,,,Mo-Su 07:00-20:00,False,,no_price,2026-06-02T10:14:04Z,cafe,TARGET,False,existing,Amo,,osm_overpass,osm,typical_by_type
osm,5041847021,Ancora,,"120, Venezia",Venezia,45.438885,12.335259,,,,,+39 041 520 7066,https://www.ancoravenezia.it,Mo-Su 07:00-20:00,False,,no_price,2026-06-02T10:14:04Z,cafe,TARGET,False,existing,Ancora,,osm_overpass,osm,typical_by_type
osm,5617557021,Angelo poretti,,Venezia,Venezia,45.437877,12.323255,,,,,,,Mo-Su 07:00-20:00,False,,no_price,2026-06-02T10:14:04Z,cafe,TARGET,False,existing,Angelo poretti,,osm_overpass,osm,typical_by_type
osm,4876741941,Antica Osteria da Gino,,"Fondamenta S. Giuseppe 754, Venezia",Venezia,45.430851,12.357385,,,,,,,Mo-Su 07:00-20:00,False,,no_price,2026-06-02T10:14:04Z,cafe,AMBIGUOUS_TO_REVIEW,False,existing,Antica Osteria da Gino,,osm_overpass,osm,typical_by_type
osm,1879269054,Aperol terrazza,,Venezia,Venezia,45.433360,12.330880,,,,,,,Mo-Su 07:00-20:00,False,,no_price,2026-06-02T10:14:04Z,cafe,TARGET,False,existing,Aperol terrazza,,osm_overpass,osm,typical_by_type
osm,3838956350,Approdo,,Venezia,Venezia,45.452744,12.354121,,,,,,,Mo-Su 07:00-20:00,False,,no_price,2026-06-02T10:14:04Z,cafe,TARGET,False,existing,Approdo,,osm_overpass,osm,typical_by_type
osm,9200911471,Aqua Santa,,Venezia,Venezia,45.457284,12.353563,,,,,,,Mo-Su 07:00-20:00,False,,no_price,2026-06-02T10:14:04Z,cafe,TARGET,False,existing,Aqua Santa,,osm_overpass,osm,typical_by_type
osm,9200742349,Art Cafe,,"Cannaregio 6061, 30121, Venezia",Venezia,45.439963,12.339090,,,,,,,Mo-Su 07:00-20:00,False,,no_price,2026-06-02T10:14:04Z,cafe,TARGET,False,existing,Art Cafe,,osm_overpass,osm,typical_by_type
osm,5433201822,Arte Della Pizza,,Venezia,Venezia,45.445923,12.317251,,,,,,,Tu-Su 11:00-21:00,False,,no_price,2026-06-02T10:14:04Z,cafe,AMBIGUOUS_TO_REVIEW,False,existing,Arte Della Pizza,,osm_overpass,osm,osm
osm,13897541210,Bacareto da ea Neni,,"2737, 30121, Venezia",Venezia,45.445510,12.328656,,,,,,,Mo-Su 07:00-20:00,False,,no_price,2026-06-02T10:14:04Z,cafe,TARGET,False,existing,Bacareto da ea Neni,,osm_overpass,osm,typical_by_type
osm,13850403227,Bacarino,,Venezia,Venezia,45.438936,12.337067,,,,,,,Mo-Su 07:00-20:00,False,,no_price,2026-06-02T10:14:04Z,cafe,TARGET,False,existing,Bacarino,,osm_overpass,osm,typical_by_type
osm,5864318045,Bacaro 22 (vintidò),,"Calle de Dona Onesta 3929, Venezia",Venezia,45.435663,12.326173,,,,,+39 3491854743,www.bacaro-vintido.it,Mo-Su 07:00-20:00,False,,no_price,2026-06-02T10:14:04Z,cafe,TARGET,False,existing,Bacaro 22 (vintidò),,osm_overpass,osm,typical_by_type
osm,5525037212,Bacaro acqua alta,,Venezia,Venezia,45.437852,12.323409,,,,,,,Mo-Su 07:00-20:00,False,,no_price,2026-06-02T10:14:04Z,cafe,TARGET,False,existing,Bacaro acqua alta,,osm_overpass,osm,typical_by_type
osm,7731826786,Bacaro Ae Bricoe,,"2684, 30121, Venezia",Venezia,45.445348,12.329265,,,,,,,Mo-Su 07:00-20:00,False,,no_price,2026-06-02T10:14:04Z,cafe,TARGET,False,existing,Bacaro Ae Bricoe,,osm_overpass,osm,typical_by_type
osm,11063897335,Bacaro al Ravano,,Venezia,Venezia,45.438095,12.333268,,,,,,,Mo-Su 07:00-20:00,False,,no_price,2026-06-02T10:14:04Z,cafe,TARGET,False,existing,Bacaro al Ravano,,osm_overpass,osm,typical_by_type
osm,5937847091,Bacaro Bar,,"5693, 30121, Venezia",Venezia,45.439385,12.336991,,,,,,,Mo-Su 07:00-20:00,False,,no_price,2026-06-02T10:14:04Z,cafe,TARGET,False,existing,Bacaro Bar,,osm_overpass,osm,typical_by_type
osm,4840996726,Bacaro da Fiore,,Venezia,Venezia,45.433843,12.330461,,,,,,,Mo-Su 07:00-20:00,False,,no_price,2026-06-02T10:14:04Z,cafe,TARGET,False,existing,Bacaro da Fiore,,osm_overpass,osm,typical_by_type
osm,5310473621,Bacaro da me Pare,,"Calle dei Fabbri 881, 30124, Venezia",Venezia,45.434628,12.337555,,,,,,,Mo-Su 07:00-20:00,False,,no_price,2026-06-02T10:14:04Z,cafe,TARGET,False,existing,Bacaro da me Pare,,osm_overpass,osm,typical_by_type
osm,2249943781,Bacaro Jazz,,"5546, 30124, Venezia",Venezia,45.438282,12.337092,,,,,+39 041 5285249,http://www.bacarojazz.com/,Su-Th 12:00-02:00; Fr-Sa 12:00-03:00,False,,no_price,2026-06-02T10:14:04Z,cafe,TARGET,False,existing,Bacaro Jazz,,osm_overpass,osm,osm
osm,10847102572,Bacaro Risorto,,"4700, 30122, Venezia",Venezia,45.434984,12.342590,,,,,,,Mo-Su 07:00-20:00,False,,no_price,2026-06-02T10:14:04Z,cafe,TARGET,False,existing,Bacaro Risorto,,osm_overpass,osm,typical_by_type
osm,7746343786,Bar,,Venezia,Venezia,45.415612,12.373524,,,,,,,Mo-Su 07:00-20:00,False,,no_price,2026-06-02T10:14:04Z,cafe,TARGET,False,existing,,,placeholder,osm,typical_by_type
osm,12307358981,Bar,,Venezia,Venezia,45.425435,12.332054,,,,,,,Mo-Su 07:00-20:00,False,,no_price,2026-06-02T10:14:04Z,cafe,TARGET,False,existing,,,placeholder,osm,typical_by_type
osm,3884049415,"Bar ""Mister Sandwich""",,"5121, 30124, Venezia",Venezia,45.437402,12.335653,,,,,,,Mo-Su 07:00-20:00,False,,no_price,2026-06-02T10:14:04Z,cafe,TARGET,False,existing,"Bar ""Mister Sandwich""",,osm_overpass,osm,typical_by_type
osm,2408157611,Bar ai Nomboli,,"Calle dei Nomboli 2717c, 30121-30176, Venezia",Venezia,45.436389,12.328459,,,,,+390415230995,,Mo-Su 07:00-20:00,False,,no_price,2026-06-02T10:14:04Z,cafe,TARGET,False,existing,Bar ai Nomboli,,osm_overpass,osm,typical_by_type
osm,5564763691,Bar al Canton,,"Salizada San Francesco 3182, 30122, Venezia",Venezia,45.436874,12.347376,,,,,+39 041 522 8257,,Mo-Sa 07:00-23:00; Su 07:00-22:30; PH closed,False,,no_price,2026-06-02T10:14:04Z,cafe,TARGET,False,existing,Bar al Canton,,osm_overpass,osm,osm
osm,4798329531,Bar al Faro,,Venezia,Venezia,45.452921,12.354489,,,,,,,Mo-Su 07:00-20:00,False,,no_price,2026-06-02T10:14:04Z,cafe,TARGET,False,existing,Bar al Faro,,osm_overpass,osm,typical_by_type
osm,10001343187,Bar all' Angolo,,"Fondamenta de la Misericordia 2575, 30121, Venezia",Venezia,45.444725,12.331608,,,,,,,Mo-Su 07:00-20:00,False,,no_price,2026-06-02T10:14:04Z,cafe,TARGET,False,existing,Bar all' Angolo,,osm_overpass,osm,typical_by_type
osm,5308475923,bar alla toletta,,"1191, 30123, Venezia",Venezia,45.431723,12.326366,,,,,,,Mo-Su 07:00-19:00+,False,,no_price,2026-06-02T10:14:04Z,cafe,TARGET,False,existing,bar alla toletta,,osm_overpass,osm,osm
osm,5525037211,Bar alle Colonnette,,"Viale Giuseppe Garibaldi 1828, Venezia",Venezia,45.432575,12.355583,,,,,,,We-Mo 07:00-20:00; Tu off,False,,no_price,2026-06-02T10:14:04Z,cafe,TARGET,False,existing,Bar alle Colonnette,,osm_overpass,osm,osm
osm,5804844003,Bar alle Guglie,,"Cannaregio 1299, 30121, Venezia",Venezia,45.443722,12.325743,,,,,+39 041 716445,,Mo-Su 07:00-20:00,False,,no_price,2026-06-02T10:14:04Z,cafe,TARGET,False,existing,Bar alle Guglie,,osm_overpass,osm,typical_by_type
osm,5360490711,Bar Americano,,"302, 30124, Venezia",Venezia,45.434732,12.339023,,,,,,,Mo-Su 07:00-20:00,False,,no_price,2026-06-02T10:14:04Z,cafe,TARGET,False,existing,Bar Americano,,osm_overpass,osm,typical_by_type
osm,1326454795,Bar Arsenale,,"Ramo Secondo de la Pergola 2412, Venezia",Venezia,45.434674,12.349629,,,,,,,Mo-Su 07:00-20:00,False,,no_price,2026-06-02T10:14:04Z,cafe,TARGET,False,existing,Bar Arsenale,,osm_overpass,osm,typical_by_type
osm,8357883891,Bar Bepi,,Venezia,Venezia,45.410791,12.366763,,,,,,,Mo-Su 07:00-20:00,False,,no_price,2026-06-02T10:14:04Z,cafe,TARGET,False,existing,Bar Bepi,,osm_overpass,osm,typical_by_type
osm,4437783672,Bar cicchetteria Karibu,,"4682b, 30122, Venezia",Venezia,45.434895,12.342743,,,,,,,Mo-Su 07:00-20:00,False,,no_price,2026-06-02T10:14:04Z,cafe,TARGET,False,existing,Bar cicchetteria Karibu,,osm_overpass,osm,typical_by_type
osm,4234614667,Bar Collo,,Venezia,Venezia,45.437454,12.323369,,,,,,,Mo-Su 07:00-20:00,False,,no_price,2026-06-02T10:14:04Z,cafe,TARGET,False,existing,Bar Collo,,osm_overpass,osm,typical_by_type
osm,895802286,Bar Da Ice,,Venezia,Venezia,45.456905,12.357247,,,,,,,Mo-Su 10:00-17:00,False,,no_price,2026-06-02T10:14:04Z,cafe,TARGET,False,existing,Bar Da Ice,,osm_overpass,osm,osm
osm,12214770471,Bar da Matteo,,Venezia,Venezia,45.431112,12.326489,,,,,,,Mo-Su 07:00-20:00,False,,no_price,2026-06-02T10:14:04Z,cafe,TARGET,False,existing,Bar da Matteo,,osm_overpass,osm,typical_by_type
osm,10788200370,Bar da Mattia,,Venezia,Venezia,45.436563,12.319982,,,,,,,Mo-Su 07:00-20:00,False,,no_price,2026-06-02T10:14:04Z,cafe,TARGET,False,existing,Bar da Mattia,,osm_overpass,osm,typical_by_type
osm,4187989723,Bar de Maravegie,,Venezia,Venezia,45.431637,12.326687,,,,,,,Mo-Su 07:00-20:00,False,,no_price,2026-06-02T10:14:04Z,cafe,TARGET,False,existing,Bar de Maravegie,,osm_overpass,osm,typical_by_type
osm,11302117320,Bar Don Giovanni,,Venezia,Venezia,45.451964,12.350986,,,,,,,Mo-Su 07:00-20:00,False,,no_price,2026-06-02T10:14:04Z,cafe,TARGET,False,existing,Bar Don Giovanni,,osm_overpass,osm,typical_by_type
osm,5033332721,Bar Ducale,,"Calle de le Ostreghe 2354, Venezia",Venezia,45.432473,12.333680,,,,,,,Mo-Su 07:00-20:00,False,,no_price,2026-06-02T10:14:04Z,cafe,TARGET,False,existing,Bar Ducale,,osm_overpass,osm,typical_by_type
osm,13340198150,Bar Filovia,,"521/A, 30135, Venezia",Venezia,45.438735,12.318695,,,,,+39 340 970 7613,,Mo-Fr 05:30-19:00,False,,no_price,2026-06-02T10:14:04Z,cafe,TARGET,False,existing,Bar Filovia,,osm_overpass,osm,osm
osm,9694462100,Bar Fornace,,Venezia,Venezia,45.455327,12.352250,,,,,,,Mo-Su 07:00-20:00,False,,no_price,2026-06-02T10:14:04Z,cafe,TARGET,False,existing,Bar Fornace,,osm_overpass,osm,typical_by_type
osm,3352373286,Bar Froggy,,"Calle del Forno 2675a, 30121, Venezia",Venezia,45.445345,12.329544,,,,,,,Mo-Su 07:00-20:00,False,,no_price,2026-06-02T10:14:04Z,cafe,TARGET,False,existing,Bar Froggy,,osm_overpass,osm,typical_by_type
osm,12453807862,"Bar Gelateria ""Al Todaro""",,"3, 30124, Venezia",Venezia,45.433269,12.339441,,,,,+39 041 5285165,http://www.al-todaro.it/,Th-Tu 10:00-19:30; We off,False,,no_price,2026-06-02T10:14:04Z,cafe,TARGET,False,existing,"Bar Gelateria ""Al Todaro""",,osm_overpass,osm,osm
osm,5558772069,Bar Iuav,,Venezia,Venezia,45.437851,12.322682,,,,,,,Mo-Fr 07:30-20:00,False,,no_price,2026-06-02T10:14:04Z,cafe,TARGET,False,existing,Bar Iuav,,osm_overpass,osm,osm
osm,5558803988,Bar Iuav Santa Marta,,Venezia,Venezia,45.431951,12.314864,,,,,,,Mo-Su 07:00-20:00,False,,no_price,2026-06-02T10:14:04Z,cafe,TARGET,False,existing,Bar Iuav Santa Marta,,osm_overpass,osm,typical_by_type
osm,5424400025,Bar L'Archivio Venzia,,Venezia,Venezia,45.437258,12.327349,,,,,,,Mo-Su 07:00-20:00,False,,no_price,2026-06-02T10:14:04Z,cafe,TARGET,False,existing,Bar L'Archivio Venzia,,osm_overpass,osm,typical_by_type
osm,13261202349,Bar L'Incontro,,"Gran Viale Santa Maria Elisabetta 2h, Venezia",Venezia,45.416746,12.368828,,,,,,,Mo-Su 07:00-20:00,False,,no_price,2026-06-02T10:14:04Z,cafe,TARGET,False,existing,Bar L'Incontro,,osm_overpass,osm,typical_by_type
osm,6781991285,Bar lepanto,,Venezia,Venezia,45.415900,12.370217,,,,,,,Mo-Su 07:00-20:00,False,,no_price,2026-06-02T10:14:04Z,cafe,TARGET,False,existing,Bar lepanto,,osm_overpass,osm,typical_by_type
osm,10008639218,Bar Luciano 480,,"480, Venezia",Venezia,45.436021,12.338757,,,,,,https://m.facebook.com/lucano480/,Mo-Su 07:00-20:00,False,,no_price,2026-06-02T10:14:04Z,cafe,TARGET,False,existing,Bar Luciano 480,,osm_overpass,osm,typical_by_type
osm,7019045758,Bar Mio,,"Via Giuseppe Garibaldi 1820, 30122, Venezia",Venezia,45.432542,12.355200,,,,,+39 041 6521 1361,,"Tu, Sa 12:00-22:00; Su, We-Fr 11:30-22:00",False,,no_price,2026-06-02T10:14:04Z,cafe,TARGET,False,existing,Bar Mio,,osm_overpass,osm,osm
osm,1522313181,Bar Mirabar,,"555a, 30135, Venezia",Venezia,45.439387,12.321175,,,,,,,Mo-Su 07:00-20:00,False,,no_price,2026-06-02T10:14:04Z,cafe,TARGET,False,existing,Bar Mirabar,,osm_overpass,osm,typical_by_type
osm,3527984719,Bar Olimpia,,"116, 30121, Venezia",Venezia,45.441524,12.322581,,,,,,,Mo-Su 07:00-20:00,False,,no_price,2026-06-02T10:14:04Z,cafe,TARGET,False,existing,Bar Olimpia,,osm_overpass,osm,typical_by_type
osm,676820125,Bar pasticceria Chiusso,,"3306, 30122, Venezia",Venezia,45.435609,12.345761,,,,,+39 041 523 1611,,"Mo-Tu,Th-Su 07:00-20:00; We closed; PH closed",False,,no_price,2026-06-02T10:14:04Z,cafe,TARGET,False,existing,Bar pasticceria Chiusso,,osm_overpass,osm,osm
osm,3398707712,Bar Pasticceria La Bauta,,"3528, 30123, Venezia",Venezia,45.436894,12.321275,,,,,,,Mo-Su 07:00-20:00,False,,no_price,2026-06-02T10:14:04Z,cafe,TARGET,False,existing,Bar Pasticceria La Bauta,,osm_overpass,osm,typical_by_type
osm,7746302054,Bar Pasticeria Gelateria Garbisa,,"Gran Viale Santa Maria Elisabetta 51c, Venezia",Venezia,45.416082,12.372127,,,,,+39 041 526 1464,,Mo-Su 06:00-24:00; PH closed,False,,no_price,2026-06-02T10:14:04Z,cafe,TARGET,False,existing,Bar Pasticeria Gelateria Garbisa,,osm_overpass,osm,osm
osm,4901728921,Bar Redentore,,"Calle Zaguri, Venezia",Venezia,45.432746,12.332214,,,,,,,Mo-Su 08:00-20:00,False,,no_price,2026-06-02T10:14:04Z,cafe,TARGET,False,existing,Bar Redentore,,osm_overpass,osm,osm
osm,4322975889,Bar rialto da lollo,,Venezia,Venezia,45.438758,12.335004,,,,,,,Mo-Su 07:00-20:00,False,,no_price,2026-06-02T10:14:04Z,cafe,TARGET,False,existing,Bar rialto da lollo,,osm_overpass,osm,typical_by_type
osm,3389131410,Bar Rosa,,"1099, 30135, Venezia",Venezia,45.440087,12.325372,,,,,,,Mo-Su 07:00-20:00,False,,no_price,2026-06-02T10:14:04Z,cafe,TARGET,False,existing,Bar Rosa,,osm_overpass,osm,typical_by_type
osm,7746247311,Bar Spiaggia 4 Fontane,,Venezia,Venezia,45.408016,12.370765,,,,,,,Mo-Su 07:00-20:00,False,,no_price,2026-06-02T10:14:04Z,cafe,TARGET,False,existing,Bar Spiaggia 4 Fontane,,osm_overpass,osm,typical_by_type
osm,1879269049,Bar Spritz,,"Calle del Pestrin 3528, Venezia",Venezia,45.433996,12.331008,,,,,,,Mo-Su 07:00-20:00,False,,no_price,2026-06-02T10:14:04Z,cafe,TARGET,False,existing,Bar Spritz,,osm_overpass,osm,typical_by_type
osm,6900092386,Bar Stella Polare,,"Rio Terà Santi Apostoli 4653, 30121, Venezia",Venezia,45.441213,12.337572,,,,,+39 331 546 3479,,Mo-Su 07:00-23:30,False,,no_price,2026-06-02T10:14:04Z,cafe,TARGET,False,existing,Bar Stella Polare,,osm_overpass,osm,osm
osm,4998786721,Barcollo,,"219, 30125, Venezia",Venezia,45.439091,12.334845,,,,,,,Mo-Su 07:00-20:00,False,,no_price,2026-06-02T10:14:04Z,cafe,TARGET,False,existing,Barcollo,,osm_overpass,osm,typical_by_type
osm,10568549528,Barka,,Venezia,Venezia,45.432197,12.351684,,,,,,,Mo-Su 09:00-24:00; PH closed,False,,no_price,2026-06-02T10:14:04Z,cafe,TARGET,False,existing,Barka,,osm_overpass,osm,osm
osm,5451326623,Basegone,,"Campo San Tomà 2863, 30100, Venezia",Venezia,45.436053,12.327146,,,,,+39 347 106 3612,,Mo-Su 11:00-22:30,False,,no_price,2026-06-02T10:14:04Z,cafe,TARGET,False,existing,Basegone,,osm_overpass,osm,osm
osm,4240308914,Beccafico Café,,Venezia,Venezia,45.431537,12.327985,,,,,,,Mo-Su 07:00-20:00,False,,no_price,2026-06-02T10:14:04Z,cafe,TARGET,False,existing,Beccafico Café,,osm_overpass,osm,typical_by_type
osm,7746339128,Bellabiglia Bar,,Venezia,Venezia,45.414933,12.375626,,,,,,,Mo-Su 07:00-20:00,False,,no_price,2026-06-02T10:14:04Z,cafe,TARGET,False,existing,Bellabiglia Bar,,osm_overpass,osm,typical_by_type
osm,9952138958,Bisicchia,,Venezia,Venezia,45.439055,12.323301,,,,,,,Mo-Su 07:00-20:00,False,,no_price,2026-06-02T10:14:04Z,cafe,TARGET,False,existing,Bisicchia,,osm_overpass,osm,typical_by_type
osm,4234614968,Black-Jack,,"4267, 30124, Venezia",Venezia,45.435667,12.335086,,,,,,,Mo-Su 10:30-21:00,False,,no_price,2026-06-02T10:14:04Z,cafe,TARGET,False,existing,Black-Jack,,osm_overpass,osm,osm
osm,534186286,blue Moon,,Venezia,Venezia,45.414377,12.376759,,,,,,,Mo-Su 07:00-20:00,False,,no_price,2026-06-02T10:14:04Z,cafe,TARGET,False,existing,blue Moon,,osm_overpass,osm,typical_by_type
osm,4492364389,Bone Robe,,"Corte Carrozze 2919, Venezia",Venezia,45.433674,12.322602,,,,,,,Mo-Su 07:00-20:00,False,,no_price,2026-06-02T10:14:04Z,cafe,TARGET,False,existing,Bone Robe,,osm_overpass,osm,typical_by_type
osm,5010909621,Boresso,,"1908, 30135, Venezia",Venezia,45.440492,12.329613,,,,,+39 3470006415,,Mo-Su 07:00-15:30,False,,no_price,2026-06-02T10:14:04Z,cafe,TARGET,False,existing,Boresso,,osm_overpass,osm,osm
osm,6417020185,Bottega del caffé Dersut,,"Campo dei Frari 3017, Venezia",Venezia,45.436539,12.326594,,,,,,,Mo-Fr 06:00-19:00; Sa 07:00-19:00; Su 08:00-14:00; PH off,False,,no_price,2026-06-02T10:14:04Z,cafe,TARGET,False,existing,Bottega del caffé Dersut,,osm_overpass,osm,osm
osm,8739767447,Brillo Parlante,,"Calle del Tabaco 2395, 30125, Venezia",Venezia,45.438207,12.326891,,,,,,,Mo-Su 07:00-20:00,False,,no_price,2026-06-02T10:14:04Z,cafe,TARGET,False,existing,Brillo Parlante,,osm_overpass,osm,typical_by_type
osm,7227552385,Caco Nero,,Venezia,Venezia,45.432603,12.317579,,,,,,,Mo-Su 07:00-20:00,False,,no_price,2026-06-02T10:14:04Z,cafe,TARGET,False,existing,Caco Nero,,osm_overpass,osm,typical_by_type
osm,3851352628,Cafe Majer,,Venezia,Venezia,45.432054,12.352310,,,,,,,Mo-Su 07:00-20:00,False,,no_price,2026-06-02T10:14:04Z,cafe,TARGET,False,existing,Cafe Majer,,osm_overpass,osm,typical_by_type
osm,2250019924,Cafe Noir,,"3805, 30123, Venezia",Venezia,45.438584,12.327210,,,,,,,Mo-Su 07:00-20:00,False,,no_price,2026-06-02T10:14:04Z,cafe,TARGET,False,existing,Cafe Noir,,osm_overpass,osm,typical_by_type
osm,2960032430,Caffe Vergnano,,Venezia,Venezia,45.438758,12.335591,,,,,,https://www.caffevergnano1882veneziarialto.com/,Mo-Su 07:00-20:00,False,,no_price,2026-06-02T10:14:04Z,cafe,TARGET,False,existing,Caffe Vergnano,,osm_overpass,osm,typical_by_type
osm,6417011787,Caffe' snack bar Dogale,,Venezia,Venezia,45.436614,12.326664,,,,,,,Mo-Su 07:00-20:00,False,,no_price,2026-06-02T10:14:04Z,cafe,TARGET,False,existing,Caffe' snack bar Dogale,,osm_overpass,osm,typical_by_type
osm,4198442538,Caffee Filermo,,"2208, 30121, Venezia",Venezia,45.443214,12.331642,,,,,,,Mo-Su 07:00-20:00,False,,no_price,2026-06-02T10:14:04Z,cafe,TARGET,False,existing,Caffee Filermo,,osm_overpass,osm,typical_by_type
osm,13869411897,Caffetteria S. Leonardo,,"Cannaregio 1903-1904, 30121, Venezia",Venezia,45.444062,12.328740,,,,,,,Mo-Su 07:00-20:00,False,,no_price,2026-06-02T10:14:04Z,cafe,TARGET,False,existing,Caffetteria S. Leonardo,,osm_overpass,osm,typical_by_type
osm,9427621103,Caffetteria universitaria,,"Calle delle Beccarie, Venezia",Venezia,45.444867,12.316804,,,,,,,Mo-Fr 08:00-18:00,False,,no_price,2026-06-02T10:14:04Z,cafe,TARGET,False,existing,Caffetteria universitaria,,osm_overpass,osm,osm
osm,9589336473,Caffè Al Cavallo,,Venezia,Venezia,45.439058,12.341126,,,,,,,Mo-Su 07:00-20:00,False,,no_price,2026-06-02T10:14:04Z,cafe,TARGET,False,existing,Caffè Al Cavallo,,osm_overpass,osm,typical_by_type
osm,13097982689,Caffè al Ponte,,Venezia,Venezia,45.434595,12.337794,,,,,,,08:30-22:30,False,,no_price,2026-06-02T10:14:04Z,cafe,TARGET,False,existing,Caffè al Ponte,,osm_overpass,osm,osm
osm,12453807860,Caffè Aurora,,"48, 30124, Venezia",Venezia,45.433731,12.338767,,,,,,,Mo-Su 07:00-20:00,False,,no_price,2026-06-02T10:14:04Z,cafe,TARGET,False,existing,Caffè Aurora,,osm_overpass,osm,typical_by_type
osm,6603965500,Caffè Brasilia,,Venezia,Venezia,45.434646,12.333079,,,,,,,"Mo-Su,PH 07:00-02:00",False,,no_price,2026-06-02T10:14:04Z,cafe,TARGET,False,existing,Caffè Brasilia,,osm_overpass,osm,osm
osm,4366618291,Caffè Dei Frari,,"Calle del Scaleter 2564, 30100, Venezia",Venezia,45.437306,12.327283,,,,,+39 347 829 3158,,Mo-Su 07:00-20:00,False,,no_price,2026-06-02T10:14:04Z,cafe,TARGET,False,existing,Caffè Dei Frari,,osm_overpass,osm,typical_by_type
osm,12453807859,Caffè Florian,,"Piazza San Marco 57, 30124, Venezia",Venezia,45.433601,12.338283,,,,,+39 041 520 5641,https://www.caffeflorian.com/,Mo-Su 09:00-23:00,False,,no_price,2026-06-02T10:14:04Z,cafe,TARGET,False,existing,Caffè Florian,,osm_overpass,osm,osm
osm,7384875313,Caffè Girani Antica torrefazione veneziana,,"3727, 30122, Venezia",Venezia,45.434514,12.346357,,,,,+39 041 721500,https://caffegirani.it/,Mo-Su 07:00-20:00,False,,no_price,2026-06-02T10:14:04Z,cafe,TARGET,False,existing,Caffè Girani Antica torrefazione veneziana,,osm_overpass,osm,typical_by_type
osm,12453807857,Caffè Lavena,,"133, 30124, Venezia",Venezia,45.434542,12.338442,,,,,,https://www.caffelavena.it/,09:30-24:00,False,,no_price,2026-06-02T10:14:04Z,cafe,TARGET,False,existing,Caffè Lavena,,osm_overpass,osm,osm
osm,10079821002,Caffè Libano,,"Calle Zon 6549b, Venezia",Venezia,45.438308,12.345346,,,,,,,Mo-Su 07:00-20:00,False,,no_price,2026-06-02T10:14:04Z,cafe,TARGET,False,existing,Caffè Libano,,osm_overpass,osm,typical_by_type
osm,4217838068,Caffé Rialto,,"5309, 30124, Venezia",Venezia,45.437603,12.336866,,,,,,,Mo-Su 07:00-20:00,False,,no_price,2026-06-02T10:14:04Z,cafe,TARGET,False,existing,Caffé Rialto,,osm_overpass,osm,typical_by_type
osm,8874120919,Cafè la Serra,,Venezia,Venezia,45.430626,12.355532,,,,,+39 041 296 0360,https://famenu.app/serradeigiardini,Mo-Su 10:00-20:00,False,,no_price,2026-06-02T10:14:04Z,cafe,TARGET,False,existing,Cafè la Serra,,osm_overpass,osm,osm
osm,2165495953,Cafè Noir,,Venezia,Venezia,45.435975,12.325279,,,,,+39 041 2007893,,"Mo-Fr 11:00-02:00; Sa,Su 19:00-02:00",False,,no_price,2026-06-02T10:14:04Z,cafe,TARGET,False,existing,Cafè Noir,,osm_overpass,osm,osm
osm,5149222821,Café del Doge Caffetteria Rialto,,"Calle dei Cinque 609, 30125, Venezia",Venezia,45.438356,12.334246,,,,,+39 041 522 7787,https://www.caffedeldoge.com/,Mo-Su 07:00-19:00,False,,no_price,2026-06-02T10:14:04Z,cafe,TARGET,False,existing,Café del Doge Caffetteria Rialto,,osm_overpass,osm,osm
osm,12396579001,Café Moro,,Venezia,Venezia,45.432144,12.329836,,,,,,,Mo-Su 07:00-20:00,False,,no_price,2026-06-02T10:14:04Z,cafe,TARGET,False,existing,Café Moro,,osm_overpass,osm,typical_by_type
osm,1207522412,Cantinone del Vino già Schiavi,,"Fondamenta Nani 992, 30123, Venezia",Venezia,45.430898,12.326667,,,,,+39 041 5230034,https://www.cantinaschiavi.com/,Mo-Sa 08:30-20:30,False,,no_price,2026-06-02T10:14:04Z,cafe,TARGET,False,existing,Cantinone del Vino già Schiavi,,osm_overpass,osm,osm
osm,4216768836,Caranto,,"6381a, 30121, Venezia",Venezia,45.439631,12.340789,,,,,,,Mo-Su 07:00-20:00,False,,no_price,2026-06-02T10:14:04Z,cafe,TARGET,False,existing,Caranto,,osm_overpass,osm,typical_by_type
osm,3393895653,Carlton Cafè,,Venezia,Venezia,45.440006,12.321786,,,,,,,Mo-Su 07:00-20:00,False,,no_price,2026-06-02T10:14:04Z,cafe,TARGET,False,existing,Carlton Cafè,,osm_overpass,osm,typical_by_type
osm,597697435,Casa Algida Venezia,,Venezia,Venezia,45.438912,12.304480,,,,,,,Mo-Su 07:00-20:00,False,,no_price,2026-06-02T10:14:04Z,cafe,TARGET,False,existing,Casa Algida Venezia,,osm_overpass,osm,typical_by_type
osm,9776677917,Centrale,,Venezia,Venezia,45.429344,12.358932,,,,,,,Mo-Su 07:00-20:00,False,,no_price,2026-06-02T10:14:04Z,cafe,TARGET,False,existing,Centrale,,osm_overpass,osm,typical_by_type
osm,11189719237,Chebon,,Venezia,Venezia,45.432365,12.353217,,,,,,,Mo-Su 07:00-20:00,False,,no_price,2026-06-02T10:14:04Z,cafe,TARGET,False,existing,Chebon,,osm_overpass,osm,typical_by_type
osm,2165121246,Chet Bar,,Venezia,Venezia,45.435247,12.323955,,,,,,,Mo-Su 07:00-20:00,False,,no_price,2026-06-02T10:14:04Z,cafe,TARGET,False,existing,Chet Bar,,osm_overpass,osm,typical_by_type
osm,5537638289,Chiosco Bar Pedrocchi,,"Piazzale Ravà, 30126, Venezia",Venezia,45.422873,12.384592,,,,,+39 041 526 7897,,Mo-Su 07:00-20:00,False,,no_price,2026-06-02T10:14:04Z,cafe,TARGET,False,existing,Chiosco Bar Pedrocchi,,osm_overpass,osm,typical_by_type
osm,7746342342,Chiosco Mojito,,Venezia,Venezia,45.407827,12.370153,,,,,,,Mo-Su 07:00-20:00,False,,no_price,2026-06-02T10:14:04Z,cafe,TARGET,False,existing,Chiosco Mojito,,osm_overpass,osm,typical_by_type
osm,7746323093,Chiringuito,,Venezia,Venezia,45.408441,12.370741,,,,,,,Mo-Su 07:00-20:00,False,,no_price,2026-06-02T10:14:04Z,cafe,TARGET,False,existing,Chiringuito,,osm_overpass,osm,typical_by_type
osm,2165495949,Ciak,,"Campiello San Tomà, 30100, Venezia",Venezia,45.436010,12.327928,,,,,,,Mo-Su 07:00-20:00,False,,no_price,2026-06-02T10:14:04Z,cafe,TARGET,False,existing,Ciak,,osm_overpass,osm,typical_by_type
osm,8049984020,Ciccheteria,,"Campiello San Rocco 3123, Venezia",Venezia,45.436439,12.325682,,,,,,,Mo-Su 07:00-20:00,False,,no_price,2026-06-02T10:14:04Z,cafe,TARGET,False,existing,Ciccheteria,,osm_overpass,osm,typical_by_type
osm,10922250318,Cicchetteria,,Venezia,Venezia,45.444337,12.323893,,,,,,,Mo-Su 07:00-20:00,False,,no_price,2026-06-02T10:14:04Z,cafe,TARGET,False,existing,Cicchetteria,,osm_overpass,osm,typical_by_type
osm,7019023781,Cicchetteria a la scuela,,"Salizada de le Gate 3183a, Venezia",Venezia,45.436811,12.347431,,,,,+39 041 528 5916,http://www.osteriaalascuela.com/,09:00-22:00,False,,no_price,2026-06-02T10:14:04Z,cafe,TARGET,False,existing,Cicchetteria a la scuela,,osm_overpass,osm,osm
osm,5931073685,Colonna,,Venezia,Venezia,45.451309,12.348719,,,,,,,Mo-Su 07:00-20:00,False,,no_price,2026-06-02T10:14:04Z,cafe,TARGET,False,existing,Colonna,,osm_overpass,osm,typical_by_type
osm,4811247487,Combo,,"4878, 30121, Venezia",Venezia,45.443021,12.339255,,,,,+39 041 5286103,https://thisiscombo.com/location/venezia/,Mo-Su 07:00-20:00,False,,no_price,2026-06-02T10:14:04Z,cafe,TARGET,False,existing,Combo,,osm_overpass,osm,typical_by_type
osm,555704946,Cooofebar,,Venezia,Venezia,45.438100,12.318764,,,,,,,Mo-Su 08:00-20:00,False,,no_price,2026-06-02T10:14:04Z,cafe,TARGET,False,existing,Cooofebar,,osm_overpass,osm,osm
osm,3931242729,Creperie Cocaeta,,Venezia,Venezia,45.444896,12.322000,,,,,,,We-Mo 10:00-15:30,False,,no_price,2026-06-02T10:14:04Z,cafe,TARGET,False,existing,Creperie Cocaeta,,osm_overpass,osm,osm
osm,676820124,Da Aurelio,,Venezia,Venezia,45.435544,12.345569,,,,,,,Mo-Su 07:00-20:00,False,,no_price,2026-06-02T10:14:04Z,cafe,TARGET,False,existing,Da Aurelio,,osm_overpass,osm,typical_by_type
osm,671952379,dai Zemei,,"145b, Venezia",Venezia,45.437910,12.333085,,,,,,,Mo-Su 07:00-20:00,False,,no_price,2026-06-02T10:14:04Z,cafe,TARGET,False,existing,dai Zemei,,osm_overpass,osm,typical_by_type
osm,3503833467,Do Draghi,,"3665, 30123, Venezia",Venezia,45.435054,12.323917,,,,,,,Mo-Su 07:00-20:00,False,,no_price,2026-06-02T10:14:04Z,cafe,TARGET,False,existing,Do Draghi,,osm_overpass,osm,typical_by_type
osm,13041447096,El Chioschetto,,"Fondamenta Zattere al Ponte Longo 1406, 30123, Venezia",Venezia,45.430204,12.323336,,,,,,,Mo-Su 07:00-20:00,False,,no_price,2026-06-02T10:14:04Z,cafe,TARGET,False,existing,El Chioschetto,,osm_overpass,osm,typical_by_type
osm,9035090121,El Pecador,,Venezia,Venezia,45.416500,12.377822,,,,,,,Mo-Su 07:00-20:00,False,,no_price,2026-06-02T10:14:04Z,cafe,TARGET,False,existing,El Pecador,,osm_overpass,osm,typical_by_type
osm,5251963730,El Refolo,,"Via Giuseppe Garibaldi 1580, 30122, Venezia",Venezia,45.432073,12.352532,,,,,,https://www.elrefolo.it,Mo-Su 07:00-20:00,False,,no_price,2026-06-02T10:14:04Z,cafe,TARGET,False,existing,El Refolo,,osm_overpass,osm,typical_by_type
osm,6796476431,Esedra,,Venezia,Venezia,45.428937,12.358205,,,,,,,Mo-Su 07:00-20:00,False,,no_price,2026-06-02T10:14:04Z,cafe,TARGET,False,existing,Esedra,,osm_overpass,osm,typical_by_type
osm,6119733699,Frulala,,Venezia,Venezia,45.442647,12.332360,,,,,,,Mo-Su 07:00-20:00,False,,no_price,2026-06-02T10:14:04Z,cafe,TARGET,False,existing,Frulala,,osm_overpass,osm,typical_by_type
osm,1578544083,Frulalà,,"5620, 30121, Venezia",Venezia,45.439810,12.336762,,,,,,https://frulala.com/,Mo-Su 07:00-20:00,False,,no_price,2026-06-02T10:14:04Z,cafe,TARGET,False,existing,Frulalà,,osm_overpass,osm,typical_by_type
osm,5937716385,Gelateria,,Venezia,Venezia,45.437219,12.340586,,,,,,,Mo-Su 07:00-20:00,False,,no_price,2026-06-02T10:14:04Z,cafe,AMBIGUOUS_TO_REVIEW,False,existing,Gelateria,,osm_overpass,osm,typical_by_type
osm,5421662425,Gelateria Al Teatro,,"Calle del Teatro o de la Commedia 4772, 30124, Venezia",Venezia,45.436473,12.335693,,,,,,,Mo-Su 07:00-20:00,False,,no_price,2026-06-02T10:14:04Z,cafe,AMBIGUOUS_TO_REVIEW,False,existing,Gelateria Al Teatro,,osm_overpass,osm,typical_by_type
osm,7746320445,Gelateria Snack Bar Dolcezze,,Venezia,Venezia,45.416840,12.369611,,,,,,,Mo-Su 05:30-02:00,False,,no_price,2026-06-02T10:14:04Z,cafe,TARGET,False,existing,Gelateria Snack Bar Dolcezze,,osm_overpass,osm,osm
osm,11980455017,Gheni Pan e Vin Bacaro Caffè,,"Calle dei Ragusei 3490/B, 30123, Venezia",Venezia,45.434927,12.320672,,,,,+393245874231,,Mo-Su 07:00-24:00,False,,no_price,2026-06-02T10:14:04Z,cafe,TARGET,False,existing,Gheni Pan e Vin Bacaro Caffè,,osm_overpass,osm,osm
osm,2164518066,Gino's,,Venezia,Venezia,45.430703,12.329089,,,,,,,Mo-Su 07:00-20:00,False,,no_price,2026-06-02T10:14:04Z,cafe,TARGET,False,existing,Gino's,,osm_overpass,osm,typical_by_type
osm,5149219332,Goppion Cafe,,"Calle del Volto o Ruga Vecchia 776, 30125, Venezia",Venezia,45.438418,12.334011,,,,,,https://www.goppioncaffe.it/,Mo-Su 06:30-19:00,False,,no_price,2026-06-02T10:14:04Z,cafe,TARGET,False,existing,Goppion Cafe,,osm_overpass,osm,osm
osm,1879269070,Guna A. Beccafico,,"Campo Santo Stefano, Venezia",Venezia,45.433035,12.330709,,,,,+39 0415274879,https://gunarestaurant.it/,"Mo-Su,PH 12:00-15:00,19:00-23:00",False,,no_price,2026-06-02T10:14:04Z,cafe,TARGET,False,existing,Guna A. Beccafico,,osm_overpass,osm,osm
osm,2249980982,Harry's Bar,,"Calle Vallaresso 1323, 30124, Venezia",Venezia,45.432405,12.337259,,,,,+39 041 5285777,http://www.harrysbarvenezia.com/,Mo-Su 07:00-20:00,False,,no_price,2026-06-02T10:14:04Z,cafe,TARGET,False,existing,Harry's Bar,,osm_overpass,osm,typical_by_type
osm,7416615860,Il Buongusto,,"Salizada San Canzian 5555a, 30121, Venezia",Venezia,45.439758,12.337938,,,,,+39 349 225 7786,https://il-buongusto.business.site/,Mo-Sa 10:00-13:30; Su off,False,,no_price,2026-06-02T10:14:04Z,cafe,TARGET,False,existing,Il Buongusto,,osm_overpass,osm,osm
osm,4998764925,Il Caffè,,Venezia,Venezia,45.434447,12.323509,,,,,,,Mo-Su 07:00-20:00,False,,no_price,2026-06-02T10:14:04Z,cafe,TARGET,False,existing,Il Caffè,,osm_overpass,osm,typical_by_type
osm,5217494723,Il Mercante,,"Fondamenta dei Frari 2564, 30125, Venezia",Venezia,45.437252,12.327326,,,,,+390414767305,http://www.ilmercantevenezia.com,"Su, We-Th 18:00-01:00; Fr-Sa 18:00-02:00",False,,no_price,2026-06-02T10:14:04Z,cafe,TARGET,False,existing,Il Mercante,,osm_overpass,osm,osm
osm,1522293722,Il Vizietto,,Venezia,Venezia,45.437909,12.327129,,,,,,,Mo-Su 07:00-20:00,False,,no_price,2026-06-02T10:14:04Z,cafe,TARGET,False,existing,Il Vizietto,,osm_overpass,osm,typical_by_type
osm,10009205442,Illy Caffè,,"Fondamenta dei Giardini, 30124, Venezia",Venezia,45.432703,12.337635,,,,,+39 041 712 5794,https://www.illy.com,08:00-19:00,False,,no_price,2026-06-02T10:14:04Z,cafe,TARGET,False,existing,Illy Caffè,,osm_overpass,osm,osm
osm,10009276723,Imagina Cafè,,Venezia,Venezia,45.433380,12.324491,,,,,,http://imaginacafe.it,Mo-Su 07:00-20:00,False,,no_price,2026-06-02T10:14:04Z,cafe,TARGET,False,existing,Imagina Cafè,,osm_overpass,osm,typical_by_type
osm,4238219515,In Riva,,Venezia,Venezia,45.425716,12.335760,,,,,,,Mo-Su 07:00-20:00,False,,no_price,2026-06-02T10:14:04Z,cafe,TARGET,False,existing,In Riva,,osm_overpass,osm,typical_by_type
osm,4819941852,Kasher,,"2902b, 30121, Venezia",Venezia,45.445062,12.326985,,,,,,,Su-Th 10:00-18:00,False,,no_price,2026-06-02T10:14:04Z,cafe,TARGET,False,existing,Kasher,,osm_overpass,osm,osm
osm,4659139591,La Bagatela,,Venezia,Venezia,45.446108,12.326271,,,,,,,Mo-Su 07:00-20:00,False,,no_price,2026-06-02T10:14:04Z,cafe,TARGET,False,existing,La Bagatela,,osm_overpass,osm,typical_by_type
osm,3099218751,La Dolce Vita,,Venezia,Venezia,45.404982,12.366910,,,,,,,Mo-Su 07:00-20:00,False,,no_price,2026-06-02T10:14:04Z,cafe,TARGET,False,existing,La Dolce Vita,,osm_overpass,osm,typical_by_type
osm,2164520712,Laguna,,"794/795, 30123, Venezia",Venezia,45.429317,12.327464,,,,,+39 041 8233592,https://www.barlaguna.it/,Mo-Su 07:00-20:00,False,,no_price,2026-06-02T10:14:04Z,cafe,TARGET,False,existing,Laguna,,osm_overpass,osm,typical_by_type
osm,1879269078,le Café,,"2797, 30124, Venezia",Venezia,45.433199,12.330877,,,,,+39 041 5237201,https://www.lecafevenezia.com/,Mo-Su 07:00-20:00,False,,no_price,2026-06-02T10:14:04Z,cafe,TARGET,False,existing,le Café,,osm_overpass,osm,typical_by_type
osm,1814311460,Maleti,,Venezia,Venezia,45.416462,12.370934,,,,,,,"Mo-Tu,Th-Su 07:00-02:00",False,,no_price,2026-06-02T10:14:04Z,cafe,TARGET,False,existing,Maleti,,osm_overpass,osm,osm
osm,7746336933,Malibu,,Venezia,Venezia,45.411612,12.373574,,,,,,,Mo-Sa 19:00-02:00,False,,no_price,2026-06-02T10:14:04Z,cafe,TARGET,False,existing,Malibu,,osm_overpass,osm,osm
osm,11942868069,Malvasia all'adriatico mar,,"Calle dei Preti 3771, 30123, Venezia",Venezia,45.436160,12.324592,,,,,+39 0414764322,,Mo-Su 07:00-20:00,False,,no_price,2026-06-02T10:14:04Z,cafe,TARGET,False,existing,Malvasia all'adriatico mar,,osm_overpass,osm,typical_by_type
osm,772478012,Margaret Duchamp,,"Campo Santa Margherita 3019, 30123, Venezia",Venezia,45.433997,12.323900,,,,,+39 041 528 6255,,Mo-Su 07:00-20:00,False,,no_price,2026-06-02T10:14:04Z,cafe,TARGET,False,existing,Margaret Duchamp,,osm_overpass,osm,typical_by_type
osm,3838954940,Melograno,,Venezia,Venezia,45.431820,12.351513,,,,,,,Mo-Su 07:00-20:00,False,,no_price,2026-06-02T10:14:04Z,cafe,TARGET,False,existing,Melograno,,osm_overpass,osm,typical_by_type
osm,4216768829,Milan Bar,,Venezia,Venezia,45.439854,12.338530,,,,,,,Mo-Su 07:00-20:00,False,,no_price,2026-06-02T10:14:04Z,cafe,TARGET,False,existing,Milan Bar,,osm_overpass,osm,typical_by_type
osm,5938395395,Millevoglie,,"30121-30176, Venezia",Venezia,45.439405,12.337104,,,,,,,Mo-Su 07:00-20:00,False,,no_price,2026-06-02T10:14:04Z,cafe,TARGET,False,existing,Millevoglie,,osm_overpass,osm,typical_by_type
osm,6020761585,Mio,,"1176, 30124, Venezia",Venezia,45.434074,12.336337,,,,,,,Mo-Su 07:00-20:00,False,,no_price,2026-06-02T10:14:04Z,cafe,TARGET,False,existing,Mio,,osm_overpass,osm,typical_by_type
osm,13390920888,Motondoso,,"Santa Croce 519, 30135, Venezia",Venezia,45.438866,12.318507,,,,,+39 041 523 7200,,06:00-20:00,False,,no_price,2026-06-02T10:14:04Z,cafe,TARGET,False,existing,Motondoso,,osm_overpass,osm,osm
osm,2639677430,MQ10,,"1020, 30121, Venezia",Venezia,45.445136,12.322609,,,,,,,Mo-Su 07:00-20:00,False,,no_price,2026-06-02T10:14:04Z,cafe,TARGET,False,existing,MQ10,,osm_overpass,osm,typical_by_type
osm,1153020369,Museum Cafe Peggy Guggenheim,,Venezia,Venezia,45.430676,12.331153,,,,,,,Mo-Su 07:00-20:00,False,,no_price,2026-06-02T10:14:04Z,cafe,TARGET,False,existing,Museum Cafe Peggy Guggenheim,,osm_overpass,osm,typical_by_type
osm,1459907345,Nadalutti,,Venezia,Venezia,45.425626,12.378759,,,,,,,Mo-Su 07:00-20:00,False,,no_price,2026-06-02T10:14:04Z,cafe,TARGET,False,existing,Nadalutti,,osm_overpass,osm,typical_by_type
osm,11273830039,Nikibar,,Venezia,Venezia,45.435599,12.327660,,,,,,,"Mo-Fr 05:00-15:00; Sa,Su 06:00-14:00",False,,no_price,2026-06-02T10:14:04Z,cafe,TARGET,False,existing,Nikibar,,osm_overpass,osm,osm
osm,4217834486,Nino & Friends,,Venezia,Venezia,45.437430,12.338389,,,,,,,Mo-Su 07:00-20:00,False,,no_price,2026-06-02T10:14:04Z,cafe,TARGET,False,existing,Nino & Friends,,osm_overpass,osm,typical_by_type
osm,6860833594,Officina San Barnaba,,"Calle Lunga San Barnaba 2715b, Venezia",Venezia,45.432583,12.323608,,,,,,https://www.facebook.com/officinasanbarnaba,Mo-Su 07:00-20:00,False,,no_price,2026-06-02T10:14:04Z,cafe,TARGET,False,existing,Officina San Barnaba,,osm_overpass,osm,typical_by_type
osm,4320719489,Orange Bar,,Venezia,Venezia,45.433826,12.323814,,,,,,,Mo-Su 07:00-20:00,False,,no_price,2026-06-02T10:14:04Z,cafe,TARGET,False,existing,Orange Bar,,osm_overpass,osm,typical_by_type
osm,5937846085,OrientalBar,,Venezia,Venezia,45.434027,12.345175,,,,,,,Mo-Su 07:00-20:00,False,,no_price,2026-06-02T10:14:04Z,cafe,TARGET,False,existing,OrientalBar,,osm_overpass,osm,typical_by_type
osm,4513774890,Osteria Ae Forcoe,,"5377, 30124, Venezia",Venezia,45.435038,12.331092,,,,,,,Mo-Su 07:00-20:00,False,,no_price,2026-06-02T10:14:04Z,cafe,AMBIGUOUS_TO_REVIEW,False,existing,Osteria Ae Forcoe,,osm_overpass,osm,typical_by_type
osm,2090158872,Osteria ai do Pozzi,,"2613, 30122, Venezia",Venezia,45.436029,12.348533,,,,,+39 041 52 07 141,,Mo-Su 07:00-20:00,False,,no_price,2026-06-02T10:14:04Z,cafe,AMBIGUOUS_TO_REVIEW,False,existing,Osteria ai do Pozzi,,osm_overpass,osm,typical_by_type
osm,4320229195,Osteria ai Pugni,,"Fondamenta Girardini 2836, 30123, Venezia",Venezia,45.433066,12.324375,,,,,+39 346 960 7785;+39 393 968 0135,,Mo-Su 08:30-01:00,False,,no_price,2026-06-02T10:14:04Z,cafe,AMBIGUOUS_TO_REVIEW,False,existing,Osteria ai Pugni,,osm_overpass,osm,osm
osm,9779827283,Osteria al forno,,"Calle dei Forni 2282, Venezia",Venezia,45.434036,12.349434,,,,,+39 333 303 4099,https://ostaria-al-forno.business.site/,Mo-Su 07:00-20:00,False,,no_price,2026-06-02T10:14:04Z,cafe,AMBIGUOUS_TO_REVIEW,False,existing,Osteria al forno,,osm_overpass,osm,typical_by_type
osm,5649398722,Osteria Al Mariner,,"Fondamenta degli Ormesini 2679, 30121, Venezia",Venezia,45.445303,12.329457,,,,,,,Mo-Su 07:00-20:00,False,,no_price,2026-06-02T10:14:04Z,cafe,AMBIGUOUS_TO_REVIEW,False,existing,Osteria Al Mariner,,osm_overpass,osm,typical_by_type
osm,5041847023,Osteria al Pescador,,Venezia,Venezia,45.438998,12.335471,,,,,,,Mo-Su 07:00-20:00,False,,no_price,2026-06-02T10:14:04Z,cafe,AMBIGUOUS_TO_REVIEW,False,existing,Osteria al Pescador,,osm_overpass,osm,typical_by_type
osm,1698431331,Osteria al Ponte,,"6378, 30121, Venezia",Venezia,45.439573,12.341003,,,,,,,Mo-Su 07:00-20:00,False,,no_price,2026-06-02T10:14:04Z,cafe,AMBIGUOUS_TO_REVIEW,False,existing,Osteria al Ponte | Osteria Al Ponte,,osm_overpass,osm,typical_by_type
osm,3877321050,Osteria Al Ponte,,"Fondamenta S. Giuseppe 930, Venezia",Venezia,45.430686,12.356777,,,,,,,Mo-Su 07:00-20:00,False,,no_price,2026-06-02T10:14:04Z,cafe,AMBIGUOUS_TO_REVIEW,False,existing,Osteria Al Ponte,,osm_overpass,osm,typical_by_type
osm,12118240137,Osteria al portego,,Venezia,Venezia,45.438293,12.338524,,,,,,,Mo-Su 11:30-01:00,False,,no_price,2026-06-02T10:14:04Z,cafe,AMBIGUOUS_TO_REVIEW,False,existing,Osteria al portego,,osm_overpass,osm,osm
osm,4159457191,Osteria Al Squero,,"Fondamenta Nani 944, Venezia",Venezia,45.430098,12.326156,,,,,,https://osteriaalsquero.wordpress.com/,"Mo-Fr 10:00-20:30; Sa 10:00-03:00; PH,Su off",False,,no_price,2026-06-02T10:14:04Z,cafe,AMBIGUOUS_TO_REVIEW,False,existing,Osteria Al Squero,,osm_overpass,osm,osm
osm,6187899330,Osteria Al Tajer,,"5068, Venezia",Venezia,45.442612,12.341002,,,,,+39 041 5230550,,Mo-Su 07:00-20:00,False,,no_price,2026-06-02T10:14:04Z,cafe,AMBIGUOUS_TO_REVIEW,False,existing,Osteria Al Tajer,,osm_overpass,osm,typical_by_type
osm,2262139778,Osteria cicchetteria Al Bocon Divino,,"Campo Santa Margherita 2978, 30123, Venezia",Venezia,45.434632,12.323658,,,,,,,"PH,Mo-Su 06:00-19:30,19:30-23:30",False,,no_price,2026-06-02T10:14:04Z,cafe,AMBIGUOUS_TO_REVIEW,False,existing,Osteria cicchetteria Al Bocon Divino,,osm_overpass,osm,osm
osm,4820401221,Osteria dal Riccio Peoco,,"4462, 30121, Venezia",Venezia,45.440245,12.336824,,,,,,,Mo-Su 10:00-01:45,False,,no_price,2026-06-02T10:14:04Z,cafe,AMBIGUOUS_TO_REVIEW,False,existing,Osteria dal Riccio Peoco,,osm_overpass,osm,osm
osm,4153432489,Osteria i Rusteghi,,"5513, 30124, Venezia",Venezia,45.438111,12.337317,,,,,,,Mo-Su 07:00-20:00,False,,no_price,2026-06-02T10:14:04Z,cafe,AMBIGUOUS_TO_REVIEW,False,existing,Osteria i Rusteghi,,osm_overpass,osm,typical_by_type
osm,4492301495,Osteria Rivetta,,"637a, Venezia",Venezia,45.438910,12.323470,,,,,,,Mo-Su 07:00-20:00,False,,no_price,2026-06-02T10:14:04Z,cafe,AMBIGUOUS_TO_REVIEW,False,existing,Osteria Rivetta,,osm_overpass,osm,typical_by_type
osm,4853999646,Ozio,,"6130, 30122, Venezia",Venezia,45.437453,12.341161,,,,,,,Mo-Su 07:00-20:00,False,,no_price,2026-06-02T10:14:04Z,cafe,TARGET,False,existing,Ozio,,osm_overpass,osm,typical_by_type
osm,4412294390,Pane Vino e San Daniele,,Venezia,Venezia,45.432112,12.319155,,,,,,,Mo-Su 07:00-20:00,False,,no_price,2026-06-02T10:14:04Z,cafe,TARGET,False,existing,Pane Vino e San Daniele,,osm_overpass,osm,typical_by_type
osm,4446039992,Panini and Beer Bar,,Venezia,Venezia,45.435626,12.343906,,,,,,,Mo-Su 07:00-20:00,False,,no_price,2026-06-02T10:14:04Z,cafe,TARGET,False,existing,Panini and Beer Bar,,osm_overpass,osm,typical_by_type
osm,4998734624,Pasticceria Bonifacio,,"4237a, 30122, Venezia",Venezia,45.434797,12.341503,,,,,+39 041 522 7507,,Mo-Su 07:00-20:00,False,,no_price,2026-06-02T10:14:04Z,cafe,AMBIGUOUS_TO_REVIEW,False,existing,Pasticceria Bonifacio,,osm_overpass,osm,typical_by_type
osm,8358769240,Pasticceria Caldara,,Venezia,Venezia,45.402922,12.362300,,,,,,,Mo-Su 07:00-20:00,False,,no_price,2026-06-02T10:14:04Z,cafe,AMBIGUOUS_TO_REVIEW,False,existing,Pasticceria Caldara,,osm_overpass,osm,typical_by_type
osm,4216769517,Pasticceria dal Conte,,"6403, 30122, Venezia",Venezia,45.438655,12.342967,,,,,,,Mo-Su 07:00-20:00,False,,no_price,2026-06-02T10:14:04Z,cafe,AMBIGUOUS_TO_REVIEW,False,existing,Pasticceria dal Conte,,osm_overpass,osm,typical_by_type
osm,4469195194,Pasticceria Nobile,,Venezia,Venezia,45.443873,12.329054,,,,,,,Mo-Su 07:00-20:00,False,,no_price,2026-06-02T10:14:04Z,cafe,AMBIGUOUS_TO_REVIEW,False,existing,Pasticceria Nobile,,osm_overpass,osm,typical_by_type
osm,10957686007,Pasticceria Rio Marin,,Venezia,Venezia,45.439495,12.324907,,,,,,,Mo-Su 07:00-20:00,False,,no_price,2026-06-02T10:14:04Z,cafe,AMBIGUOUS_TO_REVIEW,False,existing,Pasticceria Rio Marin,,osm_overpass,osm,typical_by_type
osm,7437220613,Pasticceria Stella - Bar & Caffetteria,,"55b, 30133, Venezia",Venezia,45.425963,12.337967,,,,,+39 347 792 9438;+39 340 860 2177;+39 041 2771136,,Mo-Su 07:00-20:00,False,,no_price,2026-06-02T10:14:04Z,cafe,TARGET,False,existing,Pasticceria Stella - Bar & Caffetteria,,osm_overpass,osm,typical_by_type
osm,2250000952,Piccolo Mondo,,"Calle Contarini Corfu 1056a, Venezia",Venezia,45.431864,12.327355,,,,,,http://www.piccolomondo.biz/,Mo-Su 07:00-20:00,False,,no_price,2026-06-02T10:14:04Z,cafe,TARGET,False,existing,Piccolo Mondo,,osm_overpass,osm,typical_by_type
osm,2997483310,Pizzería Ai Bari,,Venezia,Venezia,45.440773,12.324886,,,,,,,Mo-Su 07:00-20:00,False,,no_price,2026-06-02T10:14:04Z,cafe,TARGET,False,existing,Pizzería Ai Bari,,osm_overpass,osm,typical_by_type
osm,584989268,Poldo Bar,,Venezia,Venezia,45.458898,12.356096,,,,,,,Mo-Su 07:00-20:00,False,,no_price,2026-06-02T10:14:04Z,cafe,TARGET,False,existing,Poldo Bar,,osm_overpass,osm,typical_by_type
osm,5199746187,Pullman Bar,,"497l, Venezia",Venezia,45.437956,12.317780,,,,,,,Mo-Su 07:00-20:00,False,,no_price,2026-06-02T10:14:04Z,cafe,TARGET,False,existing,Pullman Bar,,osm_overpass,osm,typical_by_type
osm,5108050121,punto G,,Venezia,Venezia,45.439229,12.323166,,,,,,,Mo-Su 07:00-20:00,False,,no_price,2026-06-02T10:14:04Z,cafe,TARGET,False,existing,punto G,,osm_overpass,osm,typical_by_type
osm,4513687889,Puppa,,"Salizada del Spezier 4800, 30121, Venezia",Venezia,45.441979,12.337895,,,,,,,Mo-Su 07:00-20:00,False,,no_price,2026-06-02T10:14:04Z,cafe,TARGET,False,existing,Puppa,,osm_overpass,osm,typical_by_type
osm,4294717490,refresh,,"Lungomare Guglielmo Marconi, Venezia",Venezia,45.411539,12.373685,,,,,,,Mo-Su 07:00-20:00,False,,no_price,2026-06-02T10:14:04Z,cafe,TARGET,False,existing,refresh,,osm_overpass,osm,typical_by_type
osm,1927219481,Relax & Cafè,,"44, 30121, Venezia",Venezia,45.441369,12.321405,,,,,,,Mo-Su 06:00-20:50,False,,no_price,2026-06-02T10:14:04Z,cafe,TARGET,False,existing,Relax & Cafè,,osm_overpass,osm,osm
osm,7167698868,Repair Café Venezia,,"Fondamenta de la Misericordia 2535, 30121, Venezia",Venezia,45.444488,12.332312,,,,,,,Mo-Su 07:00-20:00,False,,no_price,2026-06-02T10:14:04Z,cafe,TARGET,False,existing,Repair Café Venezia,,osm_overpass,osm,typical_by_type
osm,5936965087,Rialto,,Venezia,Venezia,45.439099,12.334427,,,,,,,Mo-Su 07:00-20:00,False,,no_price,2026-06-02T10:14:04Z,cafe,TARGET,False,existing,Rialto,,osm_overpass,osm,typical_by_type
osm,5433238322,Ristorante San Bartolomeo,,"Sotoportego de la Bissa 5424a, Venezia",Venezia,45.437695,12.337253,,,,,,,Mo-Su 09:00-21:30,False,,no_price,2026-06-02T10:14:04Z,cafe,TARGET,False,existing,Ristorante San Bartolomeo,,osm_overpass,osm,osm
osm,4238218991,Rivalonga Café,,Venezia,Venezia,45.456271,12.355583,,,,,+39 0412731234,https://www.hyattrestaurants.com/en/venice/bar/restaurant-murano-venice-spritz-rivalonga-bar,Mo-Su 07:00-20:00,False,,no_price,2026-06-02T10:14:04Z,cafe,TARGET,False,existing,Rivalonga Café,,osm_overpass,osm,typical_by_type
osm,1813895974,Rosa Salva,,"6780, 30122, Venezia",Venezia,45.438933,12.341741,,,,,,,Mo-Su 07:00-20:00,False,,no_price,2026-06-02T10:14:04Z,cafe,TARGET,False,existing,Rosa Salva,,osm_overpass,osm,typical_by_type
osm,6441258986,Rosa Salva,,"Calle Fiubera 950, 30124, Venezia",Venezia,45.435222,12.337831,,,,,+39 041 5210544;+39 041 988400,https://shop.rosasalva.it/,08:00-20:00,False,,no_price,2026-06-02T10:14:04Z,cafe,TARGET,False,existing,Rosa Salva,,osm_overpass,osm,osm
osm,9445602376,Rétro,,"4541, Venezia",Venezia,45.440736,12.337024,,,,,+39 041 2686481,https://www.retrovenezia.it/,Mo-Su 18:00-01:00,False,,no_price,2026-06-02T10:14:04Z,cafe,TARGET,False,existing,Rétro,,osm_overpass,osm,osm
osm,6727947085,San Cassian,,Venezia,Venezia,45.439533,12.331726,,,,,,,Mo-Su 07:00-20:00,False,,no_price,2026-06-02T10:14:04Z,cafe,TARGET,False,existing,San Cassian,,osm_overpass,osm,typical_by_type
osm,119019912,San Giorgio,,Venezia,Venezia,45.429405,12.344781,,,,,,,Mo-Su 07:00-20:00,False,,no_price,2026-06-02T10:14:04Z,cafe,TARGET,False,existing,San Giorgio,,osm_overpass,osm,typical_by_type
osm,1637541980,San Giovanni Vini E Cicchetti,,"5600, 30121, Venezia",Venezia,45.439728,12.337165,,,,,,,Mo-Su 07:00-20:00,False,,no_price,2026-06-02T10:14:04Z,cafe,TARGET,False,existing,San Giovanni Vini E Cicchetti,,osm_overpass,osm,typical_by_type
osm,1403238685,Santa Sofia,,"Campo Santa Sofia 4273c, Venezia",Venezia,45.440769,12.334993,,,,,,,Mo-Su 07:00-20:00,False,,no_price,2026-06-02T10:14:04Z,cafe,TARGET,False,existing,Santa Sofia,,osm_overpass,osm,typical_by_type
osm,5438300221,Self Service Rialto,,"Riva del Carbon 4175, Venezia",Venezia,45.436698,12.334440,,,,,,,Mo-Su 11:30-14:30,False,,no_price,2026-06-02T10:14:04Z,cafe,TARGET,False,existing,Self Service Rialto,,osm_overpass,osm,osm
osm,9200624603,Seranavolta,,Venezia,Venezia,45.437384,12.324245,,,,,,,Mo-Su 06:00-24:00,False,,no_price,2026-06-02T10:14:04Z,cafe,TARGET,False,existing,Seranavolta,,osm_overpass,osm,osm
osm,3503833759,Skillà Bar,,"Campo Santa Margherita 2996, 30123, Venezia",Venezia,45.434788,12.323738,,,,,,,Mo-Su 07:00-20:00,False,,no_price,2026-06-02T10:14:04Z,cafe,TARGET,False,existing,Skillà Bar,,osm_overpass,osm,typical_by_type
osm,3527984757,Snack Anhela Bar,,"291, 30121, Venezia",Venezia,45.443216,12.324668,,,,,,,Mo-Su 07:00-20:00,False,,no_price,2026-06-02T10:14:04Z,cafe,TARGET,False,existing,Snack Anhela Bar,,osm_overpass,osm,typical_by_type
osm,2482210452,Snack Bar,,"58, 30121, Venezia",Venezia,45.441414,12.322406,,,,,,,Mo-Su 07:00-20:00,False,,no_price,2026-06-02T10:14:04Z,cafe,TARGET,False,existing,Snack Bar,,osm_overpass,osm,typical_by_type
osm,4479969285,Snack Bar Ai Stagneri,,"5246, 30124, Venezia",Venezia,45.437232,12.337096,,,,,,,Mo-Su 07:00-20:00,False,,no_price,2026-06-02T10:14:04Z,cafe,TARGET,False,existing,Snack Bar Ai Stagneri,,osm_overpass,osm,typical_by_type
osm,4941722121,Snack Bar All'angolo,,Venezia,Venezia,45.436781,12.326809,,,,,,,Mo-Su 07:00-20:00,False,,no_price,2026-06-02T10:14:04Z,cafe,TARGET,False,existing,Snack Bar All'angolo,,osm_overpass,osm,typical_by_type
osm,6028116086,Snack Bar Arcobaleno,,Venezia,Venezia,45.433980,12.347599,,,,,,,Mo-Su 07:00-20:00,False,,no_price,2026-06-02T10:14:04Z,cafe,TARGET,False,existing,Snack Bar Arcobaleno,,osm_overpass,osm,typical_by_type
osm,8483071675,Snack Bar Canton,,"2842a, 30123, Venezia",Venezia,45.433074,12.324742,,,,,,,"Mo-Su,PH 06:45-21:00",False,,no_price,2026-06-02T10:14:04Z,cafe,TARGET,False,existing,Snack Bar Canton,,osm_overpass,osm,osm
osm,5937822785,Snack Bar Castello,,"Via Giuseppe Garibaldi 1667, 30122, Venezia",Venezia,45.432137,12.351313,,,,,+39 041 528 5691,http://www.snak-bar-castello.bussines.site,Mo-Su 09:00-22:00,False,,no_price,2026-06-02T10:14:04Z,cafe,TARGET,False,existing,Snack Bar Castello,,osm_overpass,osm,osm
osm,4437784461,Snack bar Clodia,,"4199, 30122, Venezia",Venezia,45.434525,12.341831,,,,,,,Mo-Su 07:00-20:00,False,,no_price,2026-06-02T10:14:04Z,cafe,TARGET,False,existing,Snack bar Clodia,,osm_overpass,osm,typical_by_type
osm,9589336472,Snack Bar Colleoni,,"6810, 30122, Venezia",Venezia,45.439009,12.341331,,,,,,,Mo-Su 07:00-20:00,False,,no_price,2026-06-02T10:14:04Z,cafe,TARGET,False,existing,Snack Bar Colleoni,,osm_overpass,osm,typical_by_type
osm,3866674879,Sottovento,,Venezia,Venezia,45.456633,12.354267,,,,,,,Mo-Su 07:00-20:00,False,,no_price,2026-06-02T10:14:04Z,cafe,TARGET,False,existing,Sottovento,,osm_overpass,osm,typical_by_type
osm,13389129301,Starbucks,,"Marzarieta 2 Aprile, Venezia",Venezia,45.437246,12.336530,,,,,,,Mo-Su 07:00-20:00,False,,no_price,2026-06-02T10:14:04Z,cafe,TARGET,False,existing,Starbucks,,osm_overpass,osm,typical_by_type
osm,5785373653,Stellina,,Venezia,Venezia,45.439439,12.333461,,,,,,,Mo-Su 07:00-20:00,False,,no_price,2026-06-02T10:14:04Z,cafe,TARGET,False,existing,Stellina,,osm_overpass,osm,typical_by_type
osm,5025418921,Strani,,Venezia,Venezia,45.432066,12.352433,,,,,,,Mo-Su 07:00-20:00,False,,no_price,2026-06-02T10:14:04Z,cafe,TARGET,False,existing,Strani,,osm_overpass,osm,typical_by_type
osm,11730978851,Street coffee 12oz,,Venezia,Venezia,45.441399,12.321005,,,,,,,Mo-Su 07:00-20:00,False,,no_price,2026-06-02T10:14:04Z,cafe,TARGET,False,existing,Street coffee 12oz,,osm_overpass,osm,typical_by_type
osm,5937812490,Tabacchi,,Venezia,Venezia,45.433865,12.346779,,,,,,,Mo-Su 07:00-20:00,False,,no_price,2026-06-02T10:14:04Z,cafe,TARGET,False,existing,Tabacchi,,osm_overpass,osm,typical_by_type
osm,10922238124,Tappo,,Venezia,Venezia,45.445172,12.326062,,,,,,,Mo-Su 07:00-20:00,False,,no_price,2026-06-02T10:14:04Z,cafe,TARGET,False,existing,Tappo,,osm_overpass,osm,typical_by_type
osm,8049983292,Tarnowska's american bar,,"Campo Santa Maria del Giglio 2497, Venezia",Venezia,45.432457,12.332684,,,,,,,Mo-Su 07:00-20:00,False,,no_price,2026-06-02T10:14:04Z,cafe,TARGET,False,existing,Tarnowska's american bar,,osm_overpass,osm,typical_by_type
osm,4198508313,Tea Room Beatrice Africa esperience,,Venezia,Venezia,45.432643,12.324025,,,,,+39 347 401 6725,https://fujiyama.life/,Mo-Su 07:00-20:00,False,,no_price,2026-06-02T10:14:04Z,cafe,TARGET,False,existing,Tea Room Beatrice Africa esperience,,osm_overpass,osm,typical_by_type
osm,4234614966,Teamo,,Venezia,Venezia,45.434867,12.332402,,,,,,,Mo-Su 07:00-20:00,False,,no_price,2026-06-02T10:14:04Z,cafe,TARGET,False,existing,Teamo,,osm_overpass,osm,typical_by_type
osm,1522370224,Tera Ferma,,"1382, 30121, Venezia",Venezia,45.443922,12.328044,,,,,+39 041 779 6087,,Mo-Th 07:00-01:00; Fr-Sa 07:00-02:00; Su 08:00-01:00; PH closed,False,,no_price,2026-06-02T10:14:04Z,cafe,TARGET,False,existing,Tera Ferma,,osm_overpass,osm,osm
osm,1791248221,Tessl Lido,,Venezia,Venezia,45.415501,12.370285,,,,,,,Mo-Su 07:00-20:00,False,,no_price,2026-06-02T10:14:04Z,cafe,TARGET,False,existing,Tessl Lido,,osm_overpass,osm,typical_by_type
osm,3495812754,The experimental,,Venezia,Venezia,45.430226,12.323270,,,,,,,Mo-Su 07:00-20:00,False,,no_price,2026-06-02T10:14:04Z,cafe,TARGET,False,existing,The experimental,,osm_overpass,osm,typical_by_type
osm,5835164411,TiMe Social Bar,,Venezia,Venezia,45.444335,12.328680,,,,,+39 338 3636951,https://www.timesocialbar.it/,Mo-Su 07:00-20:00,False,,no_price,2026-06-02T10:14:04Z,cafe,TARGET,False,existing,TiMe Social Bar,,osm_overpass,osm,typical_by_type
osm,13849921628,Tris Snack Bar,,"476, 30125, Venezia",Venezia,45.438744,12.334427,,,,,,,Mo-Su 07:00-20:00,False,,no_price,2026-06-02T10:14:04Z,cafe,TARGET,False,existing,Tris Snack Bar,,osm_overpass,osm,typical_by_type
osm,5076969323,Vincent bar,,"Viale Quattro Novembre 36, Venezia",Venezia,45.426925,12.360399,,,,,,,"Tu-Sa 07:00-22:30+; Su 08:00-22:00+; PH,Mo off",False,,no_price,2026-06-02T10:14:04Z,cafe,TARGET,False,existing,Vincent bar,,osm_overpass,osm,osm
osm,4492344893,Vino Vero,,"2497, 30121, Venezia",Venezia,45.444049,12.333091,,,,,+39 338 282 2078;+39 349 224 9630;+39 041 2750044,https://vinovero.wine/,Su-Th 12:00-24:00; Fr-Sa 12:00-01:00; Mo 18:00-24:00,False,,no_price,2026-06-02T10:14:04Z,cafe,TARGET,False,existing,Vino Vero,,osm_overpass,osm,osm
osm,3851395418,Vintotto Bar,,Venezia,Venezia,45.432690,12.317434,,,,,,,Mo-Su 07:00-20:00,False,,no_price,2026-06-02T10:14:04Z,cafe,TARGET,False,existing,Vintotto Bar,,osm_overpass,osm,typical_by_type
osm,6337806743,Vision Bar,,Venezia,Venezia,45.440857,12.323101,,,,,,,Mo-Su 07:00-20:00,False,,no_price,2026-06-02T10:14:04Z,cafe,TARGET,False,existing,Vision Bar,,osm_overpass,osm,typical_by_type
osm,2470008484,VIU Cafè,,Venezia,Venezia,45.419975,12.357074,,,,,,,Mo-Su 07:00-20:00,False,,no_price,2026-06-02T10:14:04Z,cafe,TARGET,False,existing,VIU Cafè,,osm_overpass,osm,typical_by_type
osm,4741454630,wine and music,,Venezia,Venezia,45.435778,12.325132,,,,,,,Sa-Th 12:00-23:59; Fr 10:00-23:59,False,,no_price,2026-06-02T10:14:04Z,cafe,TARGET,False,existing,wine and music,,osm_overpass,osm,osm
osm,1521913798,Zanzibar,,"5840, 30122, Venezia",Venezia,45.437164,12.340567,,,,,,,Mo-Su 07:00-20:00,False,,no_price,2026-06-02T10:14:04Z,cafe,TARGET,False,existing,Zanzibar,,osm_overpass,osm,typical_by_type
osm,4216769531,Zenevia,,"5548, 30121, Venezia",Venezia,45.439853,12.338208,,,,,,,Mo-Su 07:00-20:00,False,,no_price,2026-06-02T10:14:04Z,cafe,TARGET,False,existing,Zenevia,,osm_overpass,osm,typical_by_type
osm,13045658801,Bussola Cocktail Lab,,"Calle del Scaleter 222, 30125, Venezia",Venezia,45.439169,12.334813,,,,,,,Mo-Su 18:00-02:00,False,,no_price,2026-06-02T10:14:04Z,cocktail_bar,TARGET,False,existing,Bussola Cocktail Lab,,osm_overpass,osm,typical_by_type
osm,2488163262,The Mask Lounge Bar,,Venezia,Venezia,45.446031,12.320447,,,,,,,Mo-Su 18:00-02:00,False,,no_price,2026-06-02T10:14:04Z,cocktail_bar,TARGET,False,existing,The Mask Lounge Bar,,osm_overpass,osm,typical_by_type
osm,2250044078,Venice Jazz Club,,"3102, 30123, Venezia",Venezia,45.433196,12.323733,,,,,,https://www.venicejazzclub.com/,Mo-Su 18:00-02:00,False,,no_price,2026-06-02T10:14:04Z,cocktail_bar,TARGET,False,existing,Venice Jazz Club,,osm_overpass,osm,typical_by_type
osm,4513645691,Birreria Zanon,,"Fondamenta degli Ormesini 2735, 30121, Venezia",Venezia,45.445492,12.328731,,,,,,,Mo-Su 17:00-01:00,False,,no_price,2026-06-02T10:14:04Z,craft_beer,TARGET,False,existing,Birreria Zanon,,osm_overpass,osm,typical_by_type
osm,292444545,Piantaleoni,,Venezia,Venezia,45.456120,12.354324,,,,,,,Mo-Su 17:00-01:00,False,,no_price,2026-06-02T10:14:04Z,craft_beer,TARGET,False,existing,Piantaleoni,,osm_overpass,osm,typical_by_type
osm,292446936,San Trovaso,,Venezia,Venezia,45.430374,12.327152,,,,,,,Mo-Su 17:00-01:00,False,,no_price,2026-06-02T10:14:04Z,craft_beer,TARGET,False,existing,San Trovaso,,osm_overpass,osm,typical_by_type
osm,5133387121,Agli Ormesini,,Venezia,Venezia,45.445807,12.327496,,,,,,,Mo-Su 17:00-02:00,False,,no_price,2026-06-02T10:14:04Z,pub,TARGET,False,existing,Agli Ormesini,,osm_overpass,osm,typical_by_type
osm,4234614142,Ai Artisti,,"Campo San Barnaba, Venezia",Venezia,45.432902,12.325231,,,,,+39 0415238944,,Mo-Su 17:00-02:00,False,,no_price,2026-06-02T10:14:04Z,pub,TARGET,False,existing,Ai Artisti,,osm_overpass,osm,typical_by_type
osm,676820102,al Canton,,"4832, 30122, Venezia",Venezia,45.436414,12.342195,,,,,,,Mo-Su 17:00-02:00,False,,no_price,2026-06-02T10:14:04Z,pub,TARGET,False,existing,al Canton,,osm_overpass,osm,typical_by_type
osm,2788541936,Angio,,Venezia,Venezia,45.432263,12.350503,,,,,,,Mo-Su 17:00-02:00,False,,no_price,2026-06-02T10:14:04Z,pub,TARGET,False,existing,Angio,,osm_overpass,osm,typical_by_type
osm,7660188932,Arcicchetti Bakaro,,Venezia,Venezia,45.437546,12.321308,,,,,,,Mo-Su 17:00-02:00,False,,no_price,2026-06-02T10:14:04Z,pub,TARGET,False,existing,Arcicchetti Bakaro,,osm_overpass,osm,typical_by_type
osm,4234614741,Bacareto da Lele,,"183, 30135, Venezia",Venezia,45.437550,12.321255,,,,,+39 3478469728,,Mo-Su 06:00-00:00,False,,no_price,2026-06-02T10:14:04Z,pub,TARGET,False,existing,Bacareto da Lele,,osm_overpass,osm,osm
osm,10092592828,Bar da Fiore,,Venezia,Venezia,45.439795,12.330473,,,,,,,Mo-Su 17:00-02:00,False,,no_price,2026-06-02T10:14:04Z,pub,TARGET,False,existing,Bar da Fiore,,osm_overpass,osm,typical_by_type
osm,4238219513,Bar da Monica,,"78/79, Venezia",Venezia,45.425973,12.336435,,,,,+39 041 5228753,,Mo-Su 17:00-02:00,False,,no_price,2026-06-02T10:14:04Z,pub,TARGET,False,existing,Bar da Monica,,osm_overpass,osm,typical_by_type
osm,4217834481,Bar Snack Bar Nostro,,"5397, 30124, Venezia",Venezia,45.437769,12.336975,,,,,+39 041 523 7215,,Mo-Su 07:00-00:00,False,,no_price,2026-06-02T10:14:04Z,pub,TARGET,False,existing,Snack Bar Nostro | Bar Snack Bar Nostro,,osm_overpass,osm,osm
osm,4513761193,Corner Pub,,"Calle della Chiesa 684, 30123, Venezia",Venezia,45.430431,12.330715,,,,,+39 349 4576739,https://cornerpubvenezia.it,Mo-Su 17:00-02:00,False,,no_price,2026-06-02T10:14:04Z,pub,TARGET,False,existing,Corner Pub,,osm_overpass,osm,typical_by_type
osm,9120679284,Da Aldo,,"2710, 30121, Venezia",Venezia,45.445433,12.328947,,,,,,,Mo-Su 17:00-02:00,False,,no_price,2026-06-02T10:14:04Z,pub,TARGET,False,existing,Da Aldo,,osm_overpass,osm,typical_by_type
osm,2280684307,Devil's Forest,,"5185, 30124, Venezia",Venezia,45.437261,12.336936,,,,,+39 041 5200623,https://www.devilsforestpub.com/,Mo-Su 17:00-02:00,False,,no_price,2026-06-02T10:14:04Z,pub,TARGET,False,existing,Devil's Forest,,osm_overpass,osm,typical_by_type
osm,10092601386,Easy Bar,,Venezia,Venezia,45.439859,12.330311,,,,,,,Mo-Su 17:00-02:00,False,,no_price,2026-06-02T10:14:04Z,pub,TARGET,False,existing,Easy Bar,,osm_overpass,osm,typical_by_type
osm,4217837240,Edy Bar,,"680, 30124, Venezia",Venezia,45.435613,12.338650,,,,,,,Mo-Su 17:00-02:00,False,,no_price,2026-06-02T10:14:04Z,pub,TARGET,False,existing,Edy Bar,,osm_overpass,osm,typical_by_type
osm,4492301497,El Sbarlefo,,"4556c, 30121, Venezia",Venezia,45.441055,12.336588,,,,,+39 041 5233 084,http://www.elsbarlefo.it,Mo-Su 17:00-02:00,False,,no_price,2026-06-02T10:14:04Z,pub,TARGET,False,existing,El Sbarlefo,,osm_overpass,osm,typical_by_type
osm,2250066811,Il Santo Bevitore,,"2393a, 30121, Venezia",Venezia,45.443401,12.332158,,,,,,https://www.ilsantobevitorepub.com,"Mo-Su 16:00-02:00, PH 12:00-02:00",False,,no_price,2026-06-02T10:14:04Z,pub,TARGET,False,existing,Il Santo Bevitore,,osm_overpass,osm,osm
osm,3527984734,Irish Pub Santa Lucia,,"282b, 30121, Venezia",Venezia,45.442928,12.324632,,,,,+39 041 5242880,https://www.irishpubsantalucia.it/,"Mo-Su 00:00-02:00,07:00-24:00",False,,no_price,2026-06-02T10:14:04Z,pub,TARGET,False,existing,Irish Pub Santa Lucia,,osm_overpass,osm,osm
osm,4232613462,Mezzopieno,,Venezia,Venezia,45.445825,12.327407,,,,,,,Mo-Su 17:00-02:00,False,,no_price,2026-06-02T10:14:04Z,pub,TARGET,False,existing,Mezzopieno,,osm_overpass,osm,typical_by_type
osm,3522319747,Ristopub Da Nini,,"1306, 30121, Venezia",Venezia,45.443754,12.326072,,,,,,,Mo-Su 17:00-02:00,False,,no_price,2026-06-02T10:14:04Z,pub,TARGET,False,existing,Ristopub Da Nini,,osm_overpass,osm,typical_by_type
osm,4225214562,The Irish Pub,,"3847, Venezia",Venezia,45.441541,12.334142,,,,,,,Mo-Su 10:00-02:00,False,,no_price,2026-06-02T10:14:04Z,pub,TARGET,False,existing,The Irish Pub,,osm_overpass,osm,osm
osm,1558151062,theNeuPop,,Venezia,Venezia,45.427179,12.339643,,,,,,,Mo-Su 17:00-02:00,False,,no_price,2026-06-02T10:14:04Z,pub,TARGET,False,existing,theNeuPop,,osm_overpass,osm,typical_by_type
osm,4238218286,Tortuga,,Venezia,Venezia,45.443810,12.338818,,,,,,,Mo-Su 17:00-02:00,False,,no_price,2026-06-02T10:14:04Z,pub,TARGET,False,existing,Tortuga,,osm_overpass,osm,typical_by_type
osm,4216769526,Un Mondo di Vino,,"5984a, 30121, Venezia",Venezia,45.439843,12.338274,,,,,+39 041 5211093,,Mo-Su 17:00-02:00,False,,no_price,2026-06-02T10:14:04Z,pub,TARGET,False,existing,Un Mondo di Vino,,osm_overpass,osm,typical_by_type
osm,5554511821,Adagio Caffe & Wine Bar,,Venezia,Venezia,45.436380,12.326343,,,,,,,Mo-Sa 07:30-23:00,False,,no_price,2026-06-02T10:14:04Z,wine_bar,TARGET,False,existing,Adagio Caffe & Wine Bar,,osm_overpass,osm,osm
osm,9006933818,Cantina Antica vigna,,Venezia,Venezia,45.434663,12.347164,,,,,,,Mo-Su 17:00-00:00,False,,no_price,2026-06-02T10:14:04Z,wine_bar,TARGET,False,existing,Cantina Antica vigna,,osm_overpass,osm,typical_by_type
osm,3781268646,Cantina Aziende Agricole,,"1847a, 30121, Venezia",Venezia,45.444761,12.328973,,,,,+39 041 722149,https://www.cantinaaziendeagricole.com/en/,Mo-Su 17:00-00:00,False,,no_price,2026-06-02T10:14:04Z,wine_bar,TARGET,False,existing,Cantina Aziende Agricole,,osm_overpass,osm,typical_by_type
osm,4492301499,Cantina do Mori (Ai do Mori),,"San Polo 429, Venezia",Venezia,45.439030,12.334099,,,,,,,Mo-Fr 08:00-19:30; Sa 8:00-15:00,False,,no_price,2026-06-02T10:14:04Z,wine_bar,TARGET,False,existing,Cantina do Mori (Ai do Mori) | Cantina,,osm_overpass,osm,osm
osm,4198442539,Cantina Vecia Carbonera,,"2329, 30121, Venezia",Venezia,45.443331,12.331505,,,,,,,Mo-Su 17:00-00:00,False,,no_price,2026-06-02T10:14:04Z,wine_bar,TARGET,False,existing,Cantina Vecia Carbonera,,osm_overpass,osm,typical_by_type
osm,10202437932,Enoteca Chicherria,,Venezia,Venezia,45.432532,12.354873,,,,,,,Mo-Su 17:00-00:00,False,,no_price,2026-06-02T10:14:04Z,wine_bar,TARGET,False,existing,Enoteca Chicherria,,osm_overpass,osm,typical_by_type
osm,11181609129,La Barrique Wine Bar,,"Via Giuseppe Garibaldi 1765, Venezia",Venezia,45.432288,12.352286,,,,,+39 349 859 6990,,Mo-Su 17:00-00:00,False,,no_price,2026-06-02T10:14:04Z,wine_bar,TARGET,False,existing,La Barrique Wine Bar,,osm_overpass,osm,typical_by_type
osm,2188208741,Vineria all'Amarone,,"1131, 30125, Venezia",Venezia,45.437598,12.332650,,,,,+39 041 5231184,https://www.allamarone.com/,"Su,Mo off; Tu-Sa 12:00-22:30",False,,no_price,2026-06-02T10:14:04Z,wine_bar,TARGET,False,existing,Vineria all'Amarone,,osm_overpass,osm,osm
