source_platform,source_venue_id,venue_name,venue_url,menu_section,item_name,item_description,raw_price,normalized_price_eur,currency,price_type,item_type,normalized_product,confidence,allergens,retrieved_at,source_url
direct_website,b_cafè,B Cafè,https://www.bfamilygroup.it/cafe-menu/,,espresso coffe - espresso coffee with milk,espresso coffe - espresso coffee with milk,€ 1.0,1.0,EUR,menu,drink,espresso,medium,,2026-06-01T14:38:53Z,https://www.bfamilygroup.it/cafe-menu/
direct_website,b_cafè,B Cafè,https://www.bfamilygroup.it/cafe-menu/,,milk stained with espresso,milk stained with espresso,€ 3.0,3.0,EUR,menu,drink,espresso,medium,,2026-06-01T14:38:53Z,https://www.bfamilygroup.it/cafe-menu/
direct_website,b_cafè,B Cafè,https://www.bfamilygroup.it/cafe-menu/,,cappuccino,cappuccino,€ 1.5,1.5,EUR,menu,drink,cappuccino,medium,,2026-06-01T14:38:53Z,https://www.bfamilygroup.it/cafe-menu/
direct_website,b_cafè,B Cafè,https://www.bfamilygroup.it/cafe-menu/,,soya cappuccino,soya cappuccino,€ 2.5,2.5,EUR,menu,drink,cappuccino,medium,,2026-06-01T14:38:53Z,https://www.bfamilygroup.it/cafe-menu/
direct_website,b_cafè,B Cafè,https://www.bfamilygroup.it/cafe-menu/,,glass of wine,glass of wine,€ 7,7.0,EUR,menu,drink,wine_glass,medium,,2026-06-01T14:38:53Z,https://www.bfamilygroup.it/cafe-menu/
mycia,bar_magenta,Bar Magenta,https://www.mycia.it/menu/milano/bar-magenta-iW4gXgZMV,APERITIVI,Americano,Americano,6,6.0,EUR,menu,drink,americano,medium,,2026-06-01T14:38:53Z,https://www.mycia.it/menu/milano/bar-magenta-iW4gXgZMV
mycia,bar_magenta,Bar Magenta,https://www.mycia.it/menu/milano/bar-magenta-iW4gXgZMV,BIRRE ALLA SPINA,HEINEKEN piccola,HEINEKEN piccola,3.5,3.5,EUR,menu,drink,beer_heineken,medium,,2026-06-01T14:38:53Z,https://www.mycia.it/menu/milano/bar-magenta-iW4gXgZMV
mycia,bar_magenta,Bar Magenta,https://www.mycia.it/menu/milano/bar-magenta-iW4gXgZMV,BIRRE ALLA SPINA,HEINEKEN media,HEINEKEN media,5,5.0,EUR,menu,drink,beer_heineken,medium,,2026-06-01T14:38:53Z,https://www.mycia.it/menu/milano/bar-magenta-iW4gXgZMV
mycia,bar_magenta,Bar Magenta,https://www.mycia.it/menu/milano/bar-magenta-iW4gXgZMV,BIRRE ALLA SPINA,BAFFO DORO MORETTI piccola,BAFFO DORO MORETTI piccola,4,4.0,EUR,menu,drink,beer_moretti,medium,,2026-06-01T14:38:53Z,https://www.mycia.it/menu/milano/bar-magenta-iW4gXgZMV
mycia,bar_magenta,Bar Magenta,https://www.mycia.it/menu/milano/bar-magenta-iW4gXgZMV,BIRRE IN BOTTIGLIA,HEINEKEN,HEINEKEN,4.5,4.5,EUR,menu,drink,beer_heineken,medium,,2026-06-01T14:38:53Z,https://www.mycia.it/menu/milano/bar-magenta-iW4gXgZMV
mycia,bistrot_pattari,Bistrot Pattari,https://www.mycia.it/menu/milano/bistrot-pattari-Kc1wFZmMv,APERITIVI,Aperol Spritz,Aperol Spritz,10,10.0,EUR,menu,drink,spritz,medium,,2026-06-01T14:38:53Z,https://www.mycia.it/menu/milano/bistrot-pattari-Kc1wFZmMv
mycia,bistrot_pattari,Bistrot Pattari,https://www.mycia.it/menu/milano/bistrot-pattari-Kc1wFZmMv,APERITIVI,Espolon Paloma,Espolon Paloma,10,10.0,EUR,menu,drink,margarita,medium,,2026-06-01T14:38:53Z,https://www.mycia.it/menu/milano/bistrot-pattari-Kc1wFZmMv
direct_website,caffè_fernanda,Caffè Fernanda,https://www.caffefernanda.com/menu/,,Caffè Americano,Caffè Americano,"€ 3,00",3.0,EUR,menu,drink,espresso,medium,,2026-06-01T14:38:53Z,https://www.caffefernanda.com/menu/
direct_website,caffè_fernanda,Caffè Fernanda,https://www.caffefernanda.com/menu/,,Caffè Decaffeinato,Caffè Decaffeinato,"€ 2,50",2.5,EUR,menu,drink,espresso,medium,,2026-06-01T14:38:53Z,https://www.caffefernanda.com/menu/
direct_website,caffè_fernanda,Caffè Fernanda,https://www.caffefernanda.com/menu/,,Caffè Orzo-Ginseng Grande,Caffè Orzo-Ginseng Grande,"€ 3,50",3.5,EUR,menu,drink,espresso,medium,,2026-06-01T14:38:53Z,https://www.caffefernanda.com/menu/
direct_website,caffè_fernanda,Caffè Fernanda,https://www.caffefernanda.com/menu/,,Cappuccino,Cappuccino,"€ 3,00",3.0,EUR,menu,drink,cappuccino,medium,,2026-06-01T14:38:53Z,https://www.caffefernanda.com/menu/
direct_website,caffè_fernanda,Caffè Fernanda,https://www.caffefernanda.com/menu/,,Cappuccino Decaffeinato,Cappuccino Decaffeinato,"€ 3,50",3.5,EUR,menu,drink,cappuccino,medium,,2026-06-01T14:38:53Z,https://www.caffefernanda.com/menu/
direct_website,caffè_fernanda,Caffè Fernanda,https://www.caffefernanda.com/menu/,,Acqua e menta,Acqua e menta,"€ 2,00",2.0,EUR,menu,drink,water,medium,,2026-06-01T14:38:53Z,https://www.caffefernanda.com/menu/
direct_website,caffè_fernanda,Caffè Fernanda,https://www.caffefernanda.com/menu/,,"Coca Cola 0,33 l","Coca Cola 0,33 l","€ 5,00",5.0,EUR,menu,drink,soft_drink,medium,,2026-06-01T14:38:53Z,https://www.caffefernanda.com/menu/
direct_website,caffè_fernanda,Caffè Fernanda,https://www.caffefernanda.com/menu/,,Campari Spritz,Campari Spritz,"€ 10,00",10.0,EUR,menu,drink,spritz,medium,,2026-06-01T14:38:53Z,https://www.caffefernanda.com/menu/
direct_website,caffè_fernanda,Caffè Fernanda,https://www.caffefernanda.com/menu/,,Negroni,Negroni,"€ 14,00",14.0,EUR,menu,drink,negroni,medium,,2026-06-01T14:38:53Z,https://www.caffefernanda.com/menu/
direct_website,caffè_fernanda,Caffè Fernanda,https://www.caffefernanda.com/menu/,,Negroni Sbagliato,Negroni Sbagliato,"€ 10,00",10.0,EUR,menu,drink,negroni,medium,,2026-06-01T14:38:53Z,https://www.caffefernanda.com/menu/
direct_website,caffè_inn,Caffè Inn,https://cdn.website.dish.co/media/62/a9/7606882/Menu-Aperitivo.pdf,,APEROL SPRITZ € 6 00 CAMPARI SPRITZ,APEROL SPRITZ € 6 00 CAMPARI SPRITZ,€ 6,6.0,EUR,menu,drink,spritz,medium,,2026-06-01T14:38:53Z,https://cdn.website.dish.co/media/62/a9/7606882/Menu-Aperitivo.pdf
direct_website,carico,Carico,https://www.carico.io/menu,,HOUSE SODA & TONIC WATER - 5€,HOUSE SODA & TONIC WATER - 5€,€ 5,5.0,EUR,menu,drink,soft_drink,medium,,2026-06-01T14:38:53Z,https://www.carico.io/menu
mycia,chihuahua_tacos,Chihuahua Tacos,https://www.mycia.it/menu/milano/chihuahua-tacos-tBHgJ7iPU,COCTELES,Margarita Diablita,Margarita Diablita,10,10.0,EUR,menu,drink,margarita,medium,,2026-06-01T14:38:53Z,https://www.mycia.it/menu/milano/chihuahua-tacos-tBHgJ7iPU
mycia,flowine,FloWine,https://www.mycia.it/menu/milano/flowine-JnsoKEb1X,CLASSIC cocktail,Espolon Paloma,Espolon Paloma,10,10.0,EUR,menu,drink,margarita,medium,,2026-06-01T14:38:53Z,https://www.mycia.it/menu/milano/flowine-JnsoKEb1X
mycia,flowine,FloWine,https://www.mycia.it/menu/milano/flowine-JnsoKEb1X,VINI BIANCHI AL CALICE,Calice di Gavi,Calice di Gavi,9,9.0,EUR,menu,drink,wine_glass,medium,,2026-06-01T14:38:53Z,https://www.mycia.it/menu/milano/flowine-JnsoKEb1X
mycia,fred,Fred,https://www.mycia.it/menu/milano/fred-YbJ3BDLEw,CLASSIC cocktail,Negroni,Negroni,8,8.0,EUR,menu,drink,negroni,medium,,2026-06-01T14:38:53Z,https://www.mycia.it/menu/milano/fred-YbJ3BDLEw
mycia,fred,Fred,https://www.mycia.it/menu/milano/fred-YbJ3BDLEw,CLASSIC cocktail,Espolon Paloma,Espolon Paloma,8,8.0,EUR,menu,drink,margarita,medium,,2026-06-01T14:38:53Z,https://www.mycia.it/menu/milano/fred-YbJ3BDLEw
mycia,fred,Fred,https://www.mycia.it/menu/milano/fred-YbJ3BDLEw,FORGOTTEN CLASSICS,BOULEVARDIER,BOULEVARDIER,9,9.0,EUR,menu,drink,negroni,medium,,2026-06-01T14:38:53Z,https://www.mycia.it/menu/milano/fred-YbJ3BDLEw
mycia,hotel_ibis_milano_centro_-_lineauno_bar,Hotel Ibis Milano Centro - LineaUno Bar,https://www.mycia.it/menu/milano/hotel-ibis-milano-centro-lineauno-bar-en69SdJ27,TONICHE PER GIN TONIC - PREZZO INCLUSO NEI GIN TONIC,SCHWEPPES,SCHWEPPES,3.5,3.5,EUR,menu,drink,soft_drink,medium,,2026-06-01T14:38:53Z,https://www.mycia.it/menu/milano/hotel-ibis-milano-centro-lineauno-bar-en69SdJ27
mycia,hotel_ibis_milano_centro_-_lineauno_bar,Hotel Ibis Milano Centro - LineaUno Bar,https://www.mycia.it/menu/milano/hotel-ibis-milano-centro-lineauno-bar-en69SdJ27,COCKTAIL  - SERVITE DALLE ORE 11.00 ALLE 23.30,Americano,Americano,8,8.0,EUR,menu,drink,americano,medium,,2026-06-01T14:38:53Z,https://www.mycia.it/menu/milano/hotel-ibis-milano-centro-lineauno-bar-en69SdJ27
mycia,il_nemico,Il Nemico,https://www.mycia.it/menu/milano/il-nemico-jjAdT9JmT,ESPOLON DRINK,BLU MARGARITA,BLU MARGARITA,10,10.0,EUR,menu,drink,margarita,medium,,2026-06-01T14:38:53Z,https://www.mycia.it/menu/milano/il-nemico-jjAdT9JmT
direct_website,la_terrazza_aperol,La Terrazza Aperol,https://ilmercatodelduomo.it/wp-content/uploads/TerrazzaAperol_FOOD_DRINK_2025.pdf,,ESPOLON PALOMA € 21,ESPOLON PALOMA € 21,€ 21,21.0,EUR,menu,drink,margarita,medium,,2026-06-01T14:38:53Z,https://ilmercatodelduomo.it/wp-content/uploads/TerrazzaAperol_FOOD_DRINK_2025.pdf
direct_website,la_terrazza_aperol,La Terrazza Aperol,https://ilmercatodelduomo.it/wp-content/uploads/TerrazzaAperol_FOOD_DRINK_2025.pdf,,NEGRONI € 21,NEGRONI € 21,€ 21,21.0,EUR,menu,drink,negroni,medium,,2026-06-01T14:38:53Z,https://ilmercatodelduomo.it/wp-content/uploads/TerrazzaAperol_FOOD_DRINK_2025.pdf
direct_website,la_terrazza_aperol,La Terrazza Aperol,https://ilmercatodelduomo.it/wp-content/uploads/TerrazzaAperol_FOOD_DRINK_2025.pdf,,CAMPARI & SELTZ € 21 JAMAICAN DAIQUIRI € 21,CAMPARI & SELTZ € 21 JAMAICAN DAIQUIRI € 21,€ 21,21.0,EUR,menu,drink,daiquiri,medium,,2026-06-01T14:38:53Z,https://ilmercatodelduomo.it/wp-content/uploads/TerrazzaAperol_FOOD_DRINK_2025.pdf
direct_website,la_terrazza_aperol,La Terrazza Aperol,https://ilmercatodelduomo.it/wp-content/uploads/TerrazzaAperol_FOOD_DRINK_2025.pdf,,GIN TONIC SELECTION,GIN TONIC SELECTION,€ 21,21.0,EUR,menu,drink,gin_tonic,medium,,2026-06-01T14:38:53Z,https://ilmercatodelduomo.it/wp-content/uploads/TerrazzaAperol_FOOD_DRINK_2025.pdf
direct_website,la_terrazza_aperol,La Terrazza Aperol,https://ilmercatodelduomo.it/wp-content/uploads/TerrazzaAperol_FOOD_DRINK_2025.pdf,,"CORONA 33 CL. - ALC. 4,5% € 12","CORONA 33 CL. - ALC. 4,5% € 12",€ 12,12.0,EUR,menu,drink,beer_bottle,medium,,2026-06-01T14:38:53Z,https://ilmercatodelduomo.it/wp-content/uploads/TerrazzaAperol_FOOD_DRINK_2025.pdf
mycia,la_vineria_1,La Vineria 1,https://www.mycia.it/menu/milano/la-vineria-1-4QD41IC5i,BEVERAGE,Acqua,Acqua,1,1.0,EUR,menu,drink,water,medium,,2026-06-01T14:38:53Z,https://www.mycia.it/menu/milano/la-vineria-1-4QD41IC5i
direct_website,le_bistrot,Le Bistrot,https://www.milanobistrot.it/dg/wp-content/uploads/menu-milano-bistrot-via-pisacane.pdf,,"• Acqua 0,75cl Pana/San Pelegrino 3€","• Acqua 0,75cl Pana/San Pelegrino 3€",€ 3,3.0,EUR,menu,drink,water,medium,,2026-06-01T14:38:53Z,https://www.milanobistrot.it/dg/wp-content/uploads/menu-milano-bistrot-via-pisacane.pdf
direct_website,le_bistrot,Le Bistrot,https://www.milanobistrot.it/dg/wp-content/uploads/menu-milano-bistrot-via-pisacane.pdf,,• Coca Cola/ Fanta 33cl 4€,• Coca Cola/ Fanta 33cl 4€,€ 4,4.0,EUR,menu,drink,soft_drink,medium,,2026-06-01T14:38:53Z,https://www.milanobistrot.it/dg/wp-content/uploads/menu-milano-bistrot-via-pisacane.pdf
mycia,metropolis_lounge_&_restaurant,Metropolis Lounge & Restaurant,https://www.mycia.it/menu/milano/metropolis-lounge-restaurant-gpRY3dfeq,LE NOSTRE PROPOSTE (18.00-21.30 + 2 €),NEGRONI SBAGLIATO,NEGRONI SBAGLIATO,10,10.0,EUR,menu,drink,negroni,medium,,2026-06-01T14:38:53Z,https://www.mycia.it/menu/milano/metropolis-lounge-restaurant-gpRY3dfeq
direct_website,papeete,Papeete,https://www.papeetebeach.com/wp-content/uploads/2026/05/2026-MENU_A5_Papeete-Maggio-2026.pdf,,Cafè Americano 2 €,Cafè Americano 2 €,€ 2,2.0,EUR,menu,drink,americano,medium,,2026-06-01T14:38:53Z,https://www.papeetebeach.com/wp-content/uploads/2026/05/2026-MENU_A5_Papeete-Maggio-2026.pdf
direct_website,papeete,Papeete,https://www.papeetebeach.com/wp-content/uploads/2026/05/2026-MENU_A5_Papeete-Maggio-2026.pdf,,"Acqua San Bernardo • 0,33 l 2 €","Acqua San Bernardo • 0,33 l 2 €",€ 2,2.0,EUR,menu,drink,water,medium,,2026-06-01T14:38:53Z,https://www.papeetebeach.com/wp-content/uploads/2026/05/2026-MENU_A5_Papeete-Maggio-2026.pdf
direct_website,papeete,Papeete,https://www.papeetebeach.com/wp-content/uploads/2026/05/2026-MENU_A5_Papeete-Maggio-2026.pdf,,"Fanta, Sprite, Tonica, Biter Lemon, Ginger Ber,","Fanta, Sprite, Tonica, Biter Lemon, Ginger Ber,",€ 5,5.0,EUR,menu,drink,soft_drink,medium,,2026-06-01T14:38:53Z,https://www.papeetebeach.com/wp-content/uploads/2026/05/2026-MENU_A5_Papeete-Maggio-2026.pdf
direct_website,papeete,Papeete,https://www.papeetebeach.com/wp-content/uploads/2026/05/2026-MENU_A5_Papeete-Maggio-2026.pdf,,"Bira picola Heineken • 0,2 l 5 €","Bira picola Heineken • 0,2 l 5 €",€ 5,5.0,EUR,menu,drink,beer_heineken,medium,,2026-06-01T14:38:53Z,https://www.papeetebeach.com/wp-content/uploads/2026/05/2026-MENU_A5_Papeete-Maggio-2026.pdf
direct_website,papeete,Papeete,https://www.papeetebeach.com/wp-content/uploads/2026/05/2026-MENU_A5_Papeete-Maggio-2026.pdf,,"Bira media Heineken • 0,5 l 8 €","Bira media Heineken • 0,5 l 8 €",€ 8,8.0,EUR,menu,drink,beer_heineken,medium,,2026-06-01T14:38:53Z,https://www.papeetebeach.com/wp-content/uploads/2026/05/2026-MENU_A5_Papeete-Maggio-2026.pdf
direct_website,papeete,Papeete,https://www.papeetebeach.com/wp-content/uploads/2026/05/2026-MENU_A5_Papeete-Maggio-2026.pdf,,"Heineken • 0,33 l 6 €","Heineken • 0,33 l 6 €",€ 6,6.0,EUR,menu,drink,beer_heineken,medium,,2026-06-01T14:38:53Z,https://www.papeetebeach.com/wp-content/uploads/2026/05/2026-MENU_A5_Papeete-Maggio-2026.pdf
direct_website,papeete,Papeete,https://www.papeetebeach.com/wp-content/uploads/2026/05/2026-MENU_A5_Papeete-Maggio-2026.pdf,,"Ichnusa non filtrata • 0,33 l 6 €","Ichnusa non filtrata • 0,33 l 6 €",€ 6,6.0,EUR,menu,drink,beer_bottle,medium,,2026-06-01T14:38:53Z,https://www.papeetebeach.com/wp-content/uploads/2026/05/2026-MENU_A5_Papeete-Maggio-2026.pdf
direct_website,papeete,Papeete,https://www.papeetebeach.com/wp-content/uploads/2026/05/2026-MENU_A5_Papeete-Maggio-2026.pdf,,"Chandon Garden Spritz • 0,75 l 6 € 30 €","Chandon Garden Spritz • 0,75 l 6 € 30 €",€ 6,6.0,EUR,menu,drink,spritz,medium,,2026-06-01T14:38:53Z,https://www.papeetebeach.com/wp-content/uploads/2026/05/2026-MENU_A5_Papeete-Maggio-2026.pdf
direct_website,refeel,Refeel,https://www.refeelcoffeemore.it/wp-content/uploads/2024/12/Refeel-Coffee-and-more-MENU.pdf,,GLI SPRITZ — 9€,GLI SPRITZ — 9€,€ 9,9.0,EUR,menu,drink,spritz,medium,,2026-06-01T14:38:53Z,https://www.refeelcoffeemore.it/wp-content/uploads/2024/12/Refeel-Coffee-and-more-MENU.pdf
direct_website,refeel,Refeel,https://www.refeelcoffeemore.it/wp-content/uploads/2024/12/Refeel-Coffee-and-more-MENU.pdf,,AMERICANO M ARTINI — 10€,AMERICANO M ARTINI — 10€,€ 10,10.0,EUR,menu,drink,americano,medium,,2026-06-01T14:38:53Z,https://www.refeelcoffeemore.it/wp-content/uploads/2024/12/Refeel-Coffee-and-more-MENU.pdf
direct_website,refeel,Refeel,https://www.refeelcoffeemore.it/wp-content/uploads/2024/12/Refeel-Coffee-and-more-MENU.pdf,,SPRITZ AZURO — 10€,SPRITZ AZURO — 10€,€ 10,10.0,EUR,menu,drink,spritz,medium,,2026-06-01T14:38:53Z,https://www.refeelcoffeemore.it/wp-content/uploads/2024/12/Refeel-Coffee-and-more-MENU.pdf
direct_website,refeel,Refeel,https://www.refeelcoffeemore.it/wp-content/uploads/2024/12/Refeel-Coffee-and-more-MENU.pdf,,Calice 6€- Bot. 25€,Calice 6€- Bot. 25€,€ 6,6.0,EUR,menu,drink,wine_glass,medium,,2026-06-01T14:38:53Z,https://www.refeelcoffeemore.it/wp-content/uploads/2024/12/Refeel-Coffee-and-more-MENU.pdf
direct_website,refeel,Refeel,https://www.refeelcoffeemore.it/wp-content/uploads/2024/12/Refeel-Coffee-and-more-MENU.pdf,,Calice 7€- Bot. 35€,Calice 7€- Bot. 35€,€ 7,7.0,EUR,menu,drink,wine_glass,medium,,2026-06-01T14:38:53Z,https://www.refeelcoffeemore.it/wp-content/uploads/2024/12/Refeel-Coffee-and-more-MENU.pdf
direct_website,refeel,Refeel,https://www.refeelcoffeemore.it/wp-content/uploads/2024/12/Refeel-Coffee-and-more-MENU.pdf,,Calice 8€- Bot. 50€,Calice 8€- Bot. 50€,€ 8,8.0,EUR,menu,drink,wine_glass,medium,,2026-06-01T14:38:53Z,https://www.refeelcoffeemore.it/wp-content/uploads/2024/12/Refeel-Coffee-and-more-MENU.pdf
direct_website,refeel,Refeel,https://www.refeelcoffeemore.it/wp-content/uploads/2024/12/Refeel-Coffee-and-more-MENU.pdf,,Calice 10€- Bot. 80€,Calice 10€- Bot. 80€,€ 10,10.0,EUR,menu,drink,wine_glass,medium,,2026-06-01T14:38:53Z,https://www.refeelcoffeemore.it/wp-content/uploads/2024/12/Refeel-Coffee-and-more-MENU.pdf
direct_website,refeel,Refeel,https://www.refeelcoffeemore.it/wp-content/uploads/2024/12/Refeel-Coffee-and-more-MENU.pdf,,AMERICANO,AMERICANO,€ 2,2.0,EUR,menu,drink,americano,medium,,2026-06-01T14:38:53Z,https://www.refeelcoffeemore.it/wp-content/uploads/2024/12/Refeel-Coffee-and-more-MENU.pdf
direct_website,scott_joplin,Scott Joplin,http://scottjoplin.it/menu,,Caffè*,Caffè*,"€ 1,2",1.2,EUR,menu,drink,espresso,medium,,2026-06-01T14:38:53Z,http://scottjoplin.it/menu
direct_website,tardis,Tardis,https://tardispubmilano.it/menu/,,OMEGA NEGRONI,OMEGA NEGRONI,€ 9,9.0,EUR,menu,drink,negroni,medium,,2026-06-01T14:38:53Z,https://tardispubmilano.it/menu/
direct_website,tardis,Tardis,https://tardispubmilano.it/menu/,,AL CALICE,AL CALICE,€ 6,6.0,EUR,menu,drink,wine_glass,medium,,2026-06-01T14:38:53Z,https://tardispubmilano.it/menu/
direct_website,tardis,Tardis,https://tardispubmilano.it/menu/,,COCA COLA,COCA COLA,€ 5,5.0,EUR,menu,drink,soft_drink,medium,,2026-06-01T14:38:53Z,https://tardispubmilano.it/menu/
direct_website,tardis,Tardis,https://tardispubmilano.it/menu/,,ACQUA NATURALE,ACQUA NATURALE,€ 2,2.0,EUR,menu,drink,water,medium,,2026-06-01T14:38:53Z,https://tardispubmilano.it/menu/
mycia,taverna_della_trisa,Taverna della Trisa,https://www.mycia.it/menu/milano/taverna-della-trisa-948cced4a,Bevande,Caffè,Caffè,2.5,2.5,EUR,menu,drink,espresso,medium,,2026-06-01T14:38:53Z,https://www.mycia.it/menu/milano/taverna-della-trisa-948cced4a
mycia,tuttaltrosuono_e_il_vino,Tuttaltrosuono e il Vino,https://www.mycia.it/menu/milano/tuttaltrosuono-e-il-vino-PZXddhqT9,COCKTAILS,Spritz Campari,Spritz Campari,6,6.0,EUR,menu,drink,spritz,medium,,2026-06-01T14:38:53Z,https://www.mycia.it/menu/milano/tuttaltrosuono-e-il-vino-PZXddhqT9
mycia,boccascenacafé,boccascenacafé,https://www.mycia.it/menu/milano/boccascenacafe-jYvxYDoE7,COCKTAIL - I NOSTRI CLASSICI,Gin Tonic/Lemon,Gin Tonic/Lemon,8,8.0,EUR,menu,drink,gin_tonic,medium,,2026-06-01T14:38:53Z,https://www.mycia.it/menu/milano/boccascenacafe-jYvxYDoE7
direct_website,armanisilos,Armanisilos,https://www.armanisilos.com/it/organizza-la-tua-visita/caffe/menu/,,Espresso,Espresso,"€ 2,00",2.0,EUR,menu,drink,espresso,medium,,2026-06-01T14:38:53Z,https://www.armanisilos.com/it/organizza-la-tua-visita/caffe/menu/
direct_website,armanisilos,Armanisilos,https://www.armanisilos.com/it/organizza-la-tua-visita/caffe/menu/,,Double Espresso,Double Espresso,"€ 3,50",3.5,EUR,menu,drink,espresso,medium,,2026-06-01T14:38:53Z,https://www.armanisilos.com/it/organizza-la-tua-visita/caffe/menu/
direct_website,armanisilos,Armanisilos,https://www.armanisilos.com/it/organizza-la-tua-visita/caffe/menu/,,Decaffeinated Espresso,Decaffeinated Espresso,"€ 2,50",2.5,EUR,menu,drink,espresso,medium,,2026-06-01T14:38:53Z,https://www.armanisilos.com/it/organizza-la-tua-visita/caffe/menu/
direct_website,armanisilos,Armanisilos,https://www.armanisilos.com/it/organizza-la-tua-visita/caffe/menu/,,Cappuccino,Cappuccino,"€ 3,50",3.5,EUR,menu,drink,cappuccino,medium,,2026-06-01T14:38:53Z,https://www.armanisilos.com/it/organizza-la-tua-visita/caffe/menu/
direct_website,armanisilos,Armanisilos,https://www.armanisilos.com/it/organizza-la-tua-visita/caffe/menu/,,Soy Milk Cappuccino,Soy Milk Cappuccino,"€ 4,00",4.0,EUR,menu,drink,cappuccino,medium,,2026-06-01T14:38:53Z,https://www.armanisilos.com/it/organizza-la-tua-visita/caffe/menu/
direct_website,armanisilos,Armanisilos,https://www.armanisilos.com/it/organizza-la-tua-visita/caffe/menu/,,BIRRA ICHNUSA 33cl,BIRRA ICHNUSA 33cl,"€ 6,00",6.0,EUR,menu,drink,beer_bottle,medium,,2026-06-01T14:38:53Z,https://www.armanisilos.com/it/organizza-la-tua-visita/caffe/menu/
direct_website,armanisilos,Armanisilos,https://www.armanisilos.com/it/organizza-la-tua-visita/caffe/menu/,,COCA COLA,COCA COLA,"€ 6,00",6.0,EUR,menu,drink,soft_drink,medium,,2026-06-01T14:38:53Z,https://www.armanisilos.com/it/organizza-la-tua-visita/caffe/menu/
direct_website,armanisilos,Armanisilos,https://www.armanisilos.com/it/organizza-la-tua-visita/caffe/menu/,,"Italicus, Prosecco, Grapefruit soda, Lime juice","Italicus, Prosecco, Grapefruit soda, Lime juice","€ 12,00",12.0,EUR,menu,drink,prosecco_glass,medium,,2026-06-01T14:38:53Z,https://www.armanisilos.com/it/organizza-la-tua-visita/caffe/menu/
mycia,bar_picchio,BAR PICCHIO,https://www.mycia.it/menu/milano/bar-picchio-sw4iKzwlv,APERITIVI,Aperol Spritz,Aperol Spritz,3.5,3.5,EUR,menu,drink,spritz,medium,,2026-06-01T14:38:53Z,https://www.mycia.it/menu/milano/bar-picchio-sw4iKzwlv
mycia,bar_picchio,BAR PICCHIO,https://www.mycia.it/menu/milano/bar-picchio-sw4iKzwlv,COCKTAIL,NEGRONI,NEGRONI,3.5,3.5,EUR,menu,drink,negroni,medium,,2026-06-01T14:38:53Z,https://www.mycia.it/menu/milano/bar-picchio-sw4iKzwlv
mycia,bar_gluck,Bar Gluck,https://www.mycia.it/menu/milano/bar-gluck-Fe0fwKRp0,APERITIVI,Aperol Spritz,Aperol Spritz,8,8.0,EUR,menu,drink,spritz,medium,,2026-06-01T14:38:53Z,https://www.mycia.it/menu/milano/bar-gluck-Fe0fwKRp0
mycia,bar_gluck,Bar Gluck,https://www.mycia.it/menu/milano/bar-gluck-Fe0fwKRp0,COCKTAILS,NEGRONI,NEGRONI,8,8.0,EUR,menu,drink,negroni,medium,,2026-06-01T14:38:53Z,https://www.mycia.it/menu/milano/bar-gluck-Fe0fwKRp0
mycia,bice_milano,Bice Milano,https://www.mycia.it/menu/milano/bice-milano-40bd6318b,Bevande,Caffè,Caffè,3,3.0,EUR,menu,drink,espresso,medium,,2026-06-01T14:38:53Z,https://www.mycia.it/menu/milano/bice-milano-40bd6318b
mycia,bice_milano,Bice Milano,https://www.mycia.it/menu/milano/bice-milano-40bd6318b,Bevande,Acqua in bottiglia,Acqua in bottiglia,4,4.0,EUR,menu,drink,water,medium,,2026-06-01T14:38:53Z,https://www.mycia.it/menu/milano/bice-milano-40bd6318b
mycia,carpe_diem_cafe'_listino_validita_dalle_ore_17,CARPE DIEM CAFE' listino validita dalle ore 17,https://www.mycia.it/menu/milano/carpe-diem-cafe-listino-validita-dalle-ore-17-2kb3ergyl,LONG DRINK,GIN TONIC,GIN TONIC,7,7.0,EUR,menu,drink,gin_tonic,medium,,2026-06-01T14:38:53Z,https://www.mycia.it/menu/milano/carpe-diem-cafe-listino-validita-dalle-ore-17-2kb3ergyl
mycia,carpe_diem_cafe'_listino_validita_dalle_ore_17,CARPE DIEM CAFE' listino validita dalle ore 17,https://www.mycia.it/menu/milano/carpe-diem-cafe-listino-validita-dalle-ore-17-2kb3ergyl,analcolici,Virgin Mojito,Virgin Mojito,7,7.0,EUR,menu,drink,mojito,medium,,2026-06-01T14:38:53Z,https://www.mycia.it/menu/milano/carpe-diem-cafe-listino-validita-dalle-ore-17-2kb3ergyl
direct_website,caffefernanda,Caffefernanda,https://www.caffefernanda.com/menu/,,Caffè Americano,Caffè Americano,"€ 3,00",3.0,EUR,menu,drink,espresso,medium,,2026-06-01T14:38:53Z,https://www.caffefernanda.com/menu/
direct_website,caffefernanda,Caffefernanda,https://www.caffefernanda.com/menu/,,Caffè Decaffeinato,Caffè Decaffeinato,"€ 2,50",2.5,EUR,menu,drink,espresso,medium,,2026-06-01T14:38:53Z,https://www.caffefernanda.com/menu/
direct_website,caffefernanda,Caffefernanda,https://www.caffefernanda.com/menu/,,Caffè Orzo-Ginseng Grande,Caffè Orzo-Ginseng Grande,"€ 3,50",3.5,EUR,menu,drink,espresso,medium,,2026-06-01T14:38:53Z,https://www.caffefernanda.com/menu/
direct_website,caffefernanda,Caffefernanda,https://www.caffefernanda.com/menu/,,Cappuccino,Cappuccino,"€ 3,00",3.0,EUR,menu,drink,cappuccino,medium,,2026-06-01T14:38:53Z,https://www.caffefernanda.com/menu/
direct_website,caffefernanda,Caffefernanda,https://www.caffefernanda.com/menu/,,Cappuccino Decaffeinato,Cappuccino Decaffeinato,"€ 3,50",3.5,EUR,menu,drink,cappuccino,medium,,2026-06-01T14:38:53Z,https://www.caffefernanda.com/menu/
direct_website,caffefernanda,Caffefernanda,https://www.caffefernanda.com/menu/,,Acqua e menta,Acqua e menta,"€ 2,00",2.0,EUR,menu,drink,water,medium,,2026-06-01T14:38:53Z,https://www.caffefernanda.com/menu/
direct_website,caffefernanda,Caffefernanda,https://www.caffefernanda.com/menu/,,"Coca Cola 0,33 l","Coca Cola 0,33 l","€ 5,00",5.0,EUR,menu,drink,soft_drink,medium,,2026-06-01T14:38:53Z,https://www.caffefernanda.com/menu/
direct_website,caffefernanda,Caffefernanda,https://www.caffefernanda.com/menu/,,Campari Spritz,Campari Spritz,"€ 10,00",10.0,EUR,menu,drink,spritz,medium,,2026-06-01T14:38:53Z,https://www.caffefernanda.com/menu/
direct_website,caffefernanda,Caffefernanda,https://www.caffefernanda.com/menu/,,Negroni,Negroni,"€ 14,00",14.0,EUR,menu,drink,negroni,medium,,2026-06-01T14:38:53Z,https://www.caffefernanda.com/menu/
direct_website,caffefernanda,Caffefernanda,https://www.caffefernanda.com/menu/,,Negroni Sbagliato,Negroni Sbagliato,"€ 10,00",10.0,EUR,menu,drink,negroni,medium,,2026-06-01T14:38:53Z,https://www.caffefernanda.com/menu/
mycia,ceresio_7,Ceresio 7,https://www.mycia.it/menu/milano/ceresio-7-61a2d41c6,Bevande,Acqua in bottiglia,Acqua in bottiglia,5,5.0,EUR,menu,drink,water,medium,,2026-06-01T14:38:53Z,https://www.mycia.it/menu/milano/ceresio-7-61a2d41c6
mycia,dom_station,DOM STATION,https://www.mycia.it/menu/milano/dom-station-F0JmZL6Wd,APERITIVI,Aperol Spritz,Aperol Spritz,8,8.0,EUR,menu,drink,spritz,medium,,2026-06-01T14:38:53Z,https://www.mycia.it/menu/milano/dom-station-F0JmZL6Wd
mycia,dom_station,DOM STATION,https://www.mycia.it/menu/milano/dom-station-F0JmZL6Wd,APERITIVI,Americano,Americano,8,8.0,EUR,menu,drink,americano,medium,,2026-06-01T14:38:53Z,https://www.mycia.it/menu/milano/dom-station-F0JmZL6Wd
mycia,deseo,Deseo,https://www.mycia.it/menu/milano/deseo-jYY2Hrbms,CLASSIC cocktail,Negroni,Negroni,10,10.0,EUR,menu,drink,negroni,medium,,2026-06-01T14:38:53Z,https://www.mycia.it/menu/milano/deseo-jYY2Hrbms
mycia,deseo,Deseo,https://www.mycia.it/menu/milano/deseo-jYY2Hrbms,I GRANDI CLASSICI,TOMMY'S MARGARITA,TOMMY'S MARGARITA,10,10.0,EUR,menu,drink,margarita,medium,,2026-06-01T14:38:53Z,https://www.mycia.it/menu/milano/deseo-jYY2Hrbms
mycia,deseo,Deseo,https://www.mycia.it/menu/milano/deseo-jYY2Hrbms,BIRRE ALLA SPINA,HEINEKEN,HEINEKEN,8,8.0,EUR,menu,drink,beer_heineken,medium,,2026-06-01T14:38:53Z,https://www.mycia.it/menu/milano/deseo-jYY2Hrbms
mycia,emporium_smoke_&_coffee,EMPORIUM SMOKE & COFFEE,https://www.mycia.it/menu/milano/emporium-smoke-coffee-vRAbej46x,APERITIVI,Aperol Spritz,Aperol Spritz,5,5.0,EUR,menu,drink,spritz,medium,,2026-06-01T14:38:53Z,https://www.mycia.it/menu/milano/emporium-smoke-coffee-vRAbej46x
mycia,emporium_smoke_&_coffee,EMPORIUM SMOKE & COFFEE,https://www.mycia.it/menu/milano/emporium-smoke-coffee-vRAbej46x,APERITIVI PRE DINNER,MOSCOW MULE,MOSCOW MULE,5,5.0,EUR,menu,drink,moscow_mule,medium,,2026-06-01T14:38:53Z,https://www.mycia.it/menu/milano/emporium-smoke-coffee-vRAbej46x
direct_website,eatme&go,Eatme&Go,http://www.eatmeandgo.it/it_it/aperitivo/,,SPRITZ,SPRITZ,"€ 6,9",6.9,EUR,menu,drink,spritz,medium,,2026-06-01T14:38:53Z,http://www.eatmeandgo.it/it_it/aperitivo/
direct_website,eatme&go,Eatme&Go,http://www.eatmeandgo.it/it_it/aperitivo/,,"MENABREA LA 150° ROSSA – DOPPIO MALTO, 7,5%","MENABREA LA 150° ROSSA – DOPPIO MALTO, 7,5%","€ 6,5",6.5,EUR,menu,drink,beer_bottle,medium,,2026-06-01T14:38:53Z,http://www.eatmeandgo.it/it_it/aperitivo/
direct_website,la_birrofila,La Birrofila,https://labirrofila.com/menu/sera/,,LA Lucida (Baby IPA),LA Lucida (Baby IPA),"€ 5,00",5.0,EUR,menu,drink,beer_bottle,medium,,2026-06-01T14:38:53Z,https://labirrofila.com/menu/sera/
direct_website,la_birrofila,La Birrofila,https://labirrofila.com/menu/sera/,,💥 Spritz aperol o campari,💥 Spritz aperol o campari,"€ 8,00",8.0,EUR,menu,drink,spritz,medium,,2026-06-01T14:38:53Z,https://labirrofila.com/menu/sera/
direct_website,la_birrofila,La Birrofila,https://labirrofila.com/menu/sera/,,Gin tonic,Gin tonic,"€ 8,00",8.0,EUR,menu,drink,gin_tonic,medium,,2026-06-01T14:38:53Z,https://labirrofila.com/menu/sera/
direct_website,la_birrofila,La Birrofila,https://labirrofila.com/menu/sera/,,Coca Cola,Coca Cola,"€ 4,00",4.0,EUR,menu,drink,soft_drink,medium,,2026-06-01T14:38:53Z,https://labirrofila.com/menu/sera/
direct_website,la_birrofila,La Birrofila,https://labirrofila.com/menu/sera/,,Acqua nat/frizz,Acqua nat/frizz,"€ 1,00",1.0,EUR,menu,drink,water,medium,,2026-06-01T14:38:53Z,https://labirrofila.com/menu/sera/
direct_website,la_birrofila,La Birrofila,https://labirrofila.com/menu/pranzo/,,LA Lucida (Baby IPA),LA Lucida (Baby IPA),"€ 4,00",4.0,EUR,menu,drink,beer_bottle,medium,,2026-06-01T14:38:53Z,https://labirrofila.com/menu/pranzo/
direct_website,la_birrofila,La Birrofila,https://labirrofila.com/menu/pranzo/,,Coca Cola,Coca Cola,"€ 3,50",3.5,EUR,menu,drink,soft_drink,medium,,2026-06-01T14:38:53Z,https://labirrofila.com/menu/pranzo/
direct_website,luca_&_andrea,Luca & Andrea,https://www.lucaeandreabar.it/drink/,,NEGRONI DELLA CASA,NEGRONI DELLA CASA,"€ 12,00",12.0,EUR,menu,drink,negroni,medium,,2026-06-01T14:38:53Z,https://www.lucaeandreabar.it/drink/
direct_website,luca_&_andrea,Luca & Andrea,https://www.lucaeandreabar.it/drink/,,NEGRONI,NEGRONI,"€ 10,00",10.0,EUR,menu,drink,negroni,medium,,2026-06-01T14:38:53Z,https://www.lucaeandreabar.it/drink/
direct_website,luca_&_andrea,Luca & Andrea,https://www.lucaeandreabar.it/drink/,,AMERICANO,AMERICANO,"€ 10,00",10.0,EUR,menu,drink,americano,medium,,2026-06-01T14:38:53Z,https://www.lucaeandreabar.it/drink/
direct_website,luca_&_andrea,Luca & Andrea,https://www.lucaeandreabar.it/drink/,,MOJITO,MOJITO,"€ 10,00",10.0,EUR,menu,drink,mojito,medium,,2026-06-01T14:38:53Z,https://www.lucaeandreabar.it/drink/
direct_website,luca_&_andrea,Luca & Andrea,https://www.lucaeandreabar.it/drink/,,MOSCOW MULE,MOSCOW MULE,"€ 10,00",10.0,EUR,menu,drink,moscow_mule,medium,,2026-06-01T14:38:53Z,https://www.lucaeandreabar.it/drink/
direct_website,luca_&_andrea,Luca & Andrea,https://www.lucaeandreabar.it/drink/,,MARGARITA,MARGARITA,"€ 10,00",10.0,EUR,menu,drink,margarita,medium,,2026-06-01T14:38:53Z,https://www.lucaeandreabar.it/drink/
direct_website,luca_&_andrea,Luca & Andrea,https://www.lucaeandreabar.it/drink/,,MANHATTAN,MANHATTAN,"€ 10,00",10.0,EUR,menu,drink,manhattan,medium,,2026-06-01T14:38:53Z,https://www.lucaeandreabar.it/drink/
direct_website,luca_&_andrea,Luca & Andrea,https://www.lucaeandreabar.it/drink/,,DAIQUIRI,DAIQUIRI,"€ 10,00",10.0,EUR,menu,drink,daiquiri,medium,,2026-06-01T14:38:53Z,https://www.lucaeandreabar.it/drink/
mycia,madison,Madison,https://www.mycia.it/menu/milano/madison-a4EEMhr3N,CLASSIC cocktail,Americano,Americano,10,10.0,EUR,menu,drink,americano,medium,,2026-06-01T14:38:53Z,https://www.mycia.it/menu/milano/madison-a4EEMhr3N
mycia,madison,Madison,https://www.mycia.it/menu/milano/madison-a4EEMhr3N,CLASSIC cocktail,Negroni,Negroni,10,10.0,EUR,menu,drink,negroni,medium,,2026-06-01T14:38:53Z,https://www.mycia.it/menu/milano/madison-a4EEMhr3N
mycia,mivàlà_-_ordini,MiVàLà - Ordini,https://www.mycia.it/menu/milano/mivala-ordini-DifJPYLda,I NOSTRI SPRITZ,Campari spritz,Campari spritz,5,5.0,EUR,menu,drink,spritz,medium,,2026-06-01T14:38:53Z,https://www.mycia.it/menu/milano/mivala-ordini-DifJPYLda
mycia,mivàlà_-_ordini,MiVàLà - Ordini,https://www.mycia.it/menu/milano/mivala-ordini-DifJPYLda,I NOSTRI SPRITZ,Raspberry spritz,Raspberry spritz,6,6.0,EUR,menu,drink,spritz,medium,,2026-06-01T14:38:53Z,https://www.mycia.it/menu/milano/mivala-ordini-DifJPYLda
direct_website,norin_caffè_bistrot,Norin Caffè Bistrot,https://www.pizzeriabistronorin.com/menu-aperitivi-norin.php,,Negroni,Negroni,"€ 8,00",8.0,EUR,menu,drink,negroni,medium,,2026-06-01T14:38:53Z,https://www.pizzeriabistronorin.com/menu-aperitivi-norin.php
direct_website,norin_caffè_bistrot,Norin Caffè Bistrot,https://www.pizzeriabistronorin.com/menu-aperitivi-norin.php,,Americano,Americano,"€ 6,00",6.0,EUR,menu,drink,americano,medium,,2026-06-01T14:38:53Z,https://www.pizzeriabistronorin.com/menu-aperitivi-norin.php
direct_website,norin_caffè_bistrot,Norin Caffè Bistrot,https://www.pizzeriabistronorin.com/menu-aperitivi-norin.php,,Aperol Spritz,Aperol Spritz,"€ 6,00",6.0,EUR,menu,drink,spritz,medium,,2026-06-01T14:38:53Z,https://www.pizzeriabistronorin.com/menu-aperitivi-norin.php
direct_website,norin_caffè_bistrot,Norin Caffè Bistrot,https://www.pizzeriabistronorin.com/menu-aperitivi-norin.php,,Gin Tonic,Gin Tonic,"€ 8,00",8.0,EUR,menu,drink,gin_tonic,medium,,2026-06-01T14:38:53Z,https://www.pizzeriabistronorin.com/menu-aperitivi-norin.php
direct_website,norin_caffè_bistrot,Norin Caffè Bistrot,https://www.pizzeriabistronorin.com/menu-aperitivi-norin.php,,Flute di Prosecco,Flute di Prosecco,"€ 6,00",6.0,EUR,menu,drink,prosecco_glass,medium,,2026-06-01T14:38:53Z,https://www.pizzeriabistronorin.com/menu-aperitivi-norin.php
direct_website,norin_caffè_bistrot,Norin Caffè Bistrot,https://www.pizzeriabistronorin.com/menu-aperitivi-norin.php,,Acqua in bottiglia 75cl,Acqua in bottiglia 75cl,"€ 3,50",3.5,EUR,menu,drink,water,medium,,2026-06-01T14:38:53Z,https://www.pizzeriabistronorin.com/menu-aperitivi-norin.php
direct_website,norin_caffè_bistrot,Norin Caffè Bistrot,https://www.pizzeriabistronorin.com/menu-aperitivi-norin.php,,Coca Cola / Zero,Coca Cola / Zero,"€ 4,00",4.0,EUR,menu,drink,soft_drink,medium,,2026-06-01T14:38:53Z,https://www.pizzeriabistronorin.com/menu-aperitivi-norin.php
direct_website,norin_caffè_bistrot,Norin Caffè Bistrot,https://www.pizzeriabistronorin.com/menu-ristorante-norin.php,,Chianti Classico calice,Chianti Classico calice,"€ 7,00",7.0,EUR,menu,drink,wine_glass,medium,,2026-06-01T14:38:53Z,https://www.pizzeriabistronorin.com/menu-ristorante-norin.php
direct_website,norin_caffè_bistrot,Norin Caffè Bistrot,https://www.pizzeriabistronorin.com/menu-ristorante-norin.php,,Caffè | Decaffeinato,Caffè | Decaffeinato,"€ 2,00",2.0,EUR,menu,drink,espresso,medium,,2026-06-01T14:38:53Z,https://www.pizzeriabistronorin.com/menu-ristorante-norin.php
direct_website,norin_caffè_bistrot,Norin Caffè Bistrot,https://www.pizzeriabistronorin.com/menu-ristorante-norin.php,,Cappuccino,Cappuccino,"€ 3,00",3.0,EUR,menu,drink,cappuccino,medium,,2026-06-01T14:38:53Z,https://www.pizzeriabistronorin.com/menu-ristorante-norin.php
mycia,spirit_de_milan,Spirit de Milan,https://www.mycia.it/menu/milano/spirit-de-milan-SNGKobPuM,CLASSIC cocktail,Americano,Americano,8,8.0,EUR,menu,drink,americano,medium,,2026-06-01T14:38:53Z,https://www.mycia.it/menu/milano/spirit-de-milan-SNGKobPuM
mycia,spirit_de_milan,Spirit de Milan,https://www.mycia.it/menu/milano/spirit-de-milan-SNGKobPuM,CLASSIC cocktail,Negroni,Negroni,8,8.0,EUR,menu,drink,negroni,medium,,2026-06-01T14:38:53Z,https://www.mycia.it/menu/milano/spirit-de-milan-SNGKobPuM
direct_website,sui_generis,Sui Generis,https://suigeneris.bar/menu,,"Vodka, Liquore Lychee, Mela, Prosecco","Vodka, Liquore Lychee, Mela, Prosecco",€ 7,7.0,EUR,menu,drink,prosecco_glass,medium,,2026-06-01T14:38:53Z,https://suigeneris.bar/menu
direct_website,sui_generis,Sui Generis,https://suigeneris.bar/menu,,HEINEKEN,HEINEKEN,€ 3,3.0,EUR,menu,drink,beer_heineken,medium,,2026-06-01T14:38:53Z,https://suigeneris.bar/menu
direct_website,sui_generis,Sui Generis,https://suigeneris.bar/menu,,BECKS,BECKS,€ 3,3.0,EUR,menu,drink,beer_bottle,medium,,2026-06-01T14:38:53Z,https://suigeneris.bar/menu
direct_website,sui_generis,Sui Generis,https://suigeneris.bar/menu,,CORONA,CORONA,"€ 3,5",3.5,EUR,menu,drink,beer_bottle,medium,,2026-06-01T14:38:53Z,https://suigeneris.bar/menu
direct_website,sui_generis,Sui Generis,https://suigeneris.bar/menu,,MORETTI,MORETTI,€ 3,3.0,EUR,menu,drink,beer_moretti,medium,,2026-06-01T14:38:53Z,https://suigeneris.bar/menu
direct_website,sui_generis,Sui Generis,https://suigeneris.bar/menu,,CALICE VINO BIANCO,CALICE VINO BIANCO,€ 5,5.0,EUR,menu,drink,wine_glass,medium,,2026-06-01T14:38:53Z,https://suigeneris.bar/menu
direct_website,suigeneris.bar,suigeneris.bar,https://suigeneris.bar/menu/,,"Vodka, Liquore Lychee, Mela, Prosecco","Vodka, Liquore Lychee, Mela, Prosecco",€ 7,7.0,EUR,menu,drink,prosecco_glass,medium,,2026-06-01T14:38:53Z,https://suigeneris.bar/menu/
direct_website,suigeneris.bar,suigeneris.bar,https://suigeneris.bar/menu/,,HEINEKEN,HEINEKEN,€ 3,3.0,EUR,menu,drink,beer_heineken,medium,,2026-06-01T14:38:53Z,https://suigeneris.bar/menu/
direct_website,suigeneris.bar,suigeneris.bar,https://suigeneris.bar/menu/,,BECKS,BECKS,€ 3,3.0,EUR,menu,drink,beer_bottle,medium,,2026-06-01T14:38:53Z,https://suigeneris.bar/menu/
direct_website,suigeneris.bar,suigeneris.bar,https://suigeneris.bar/menu/,,CORONA,CORONA,"€ 3,5",3.5,EUR,menu,drink,beer_bottle,medium,,2026-06-01T14:38:53Z,https://suigeneris.bar/menu/
direct_website,suigeneris.bar,suigeneris.bar,https://suigeneris.bar/menu/,,MORETTI,MORETTI,€ 3,3.0,EUR,menu,drink,beer_moretti,medium,,2026-06-01T14:38:53Z,https://suigeneris.bar/menu/
direct_website,suigeneris.bar,suigeneris.bar,https://suigeneris.bar/menu/,,CALICE VINO BIANCO,CALICE VINO BIANCO,€ 5,5.0,EUR,menu,drink,wine_glass,medium,,2026-06-01T14:38:53Z,https://suigeneris.bar/menu/
mycia,antonino_il_banco_di_cannavacciuolo,Antonino Il Banco di Cannavacciuolo,https://www.mycia.it/menu/milano/antonino-il-banco-di-cannavacciuolo-5bcBqmsOe,CAFFÈ,Espresso,Espresso,1.8,1.8,EUR,menu,drink,espresso,medium,,2026-06-01T14:38:53Z,https://www.mycia.it/menu/milano/antonino-il-banco-di-cannavacciuolo-5bcBqmsOe
mycia,antonino_il_banco_di_cannavacciuolo,Antonino Il Banco di Cannavacciuolo,https://www.mycia.it/menu/milano/antonino-il-banco-di-cannavacciuolo-5bcBqmsOe,APERITIVI,Sarti Rosa Spritz,Sarti Rosa Spritz,12,12.0,EUR,menu,drink,spritz,medium,,2026-06-01T14:38:53Z,https://www.mycia.it/menu/milano/antonino-il-banco-di-cannavacciuolo-5bcBqmsOe
mycia,antonino_il_banco_di_cannavacciuolo,Antonino Il Banco di Cannavacciuolo,https://www.mycia.it/menu/milano/antonino-il-banco-di-cannavacciuolo-5bcBqmsOe,APERITIVI,Negroni,Negroni,15,15.0,EUR,menu,drink,negroni,medium,,2026-06-01T14:38:53Z,https://www.mycia.it/menu/milano/antonino-il-banco-di-cannavacciuolo-5bcBqmsOe
direct_website,armadi_silos_caff√®,Armadi Silos Caff√®,https://www.armanisilos.com/menu,,Espresso,Espresso,"€ 2,00",2.0,EUR,menu,drink,espresso,medium,,2026-06-01T14:38:53Z,https://www.armanisilos.com/menu
direct_website,armadi_silos_caff√®,Armadi Silos Caff√®,https://www.armanisilos.com/menu,,Double Espresso,Double Espresso,"€ 3,50",3.5,EUR,menu,drink,espresso,medium,,2026-06-01T14:38:53Z,https://www.armanisilos.com/menu
direct_website,armadi_silos_caff√®,Armadi Silos Caff√®,https://www.armanisilos.com/menu,,Decaffeinated Espresso,Decaffeinated Espresso,"€ 2,50",2.5,EUR,menu,drink,espresso,medium,,2026-06-01T14:38:53Z,https://www.armanisilos.com/menu
direct_website,armadi_silos_caff√®,Armadi Silos Caff√®,https://www.armanisilos.com/menu,,Cappuccino,Cappuccino,"€ 3,50",3.5,EUR,menu,drink,cappuccino,medium,,2026-06-01T14:38:53Z,https://www.armanisilos.com/menu
direct_website,armadi_silos_caff√®,Armadi Silos Caff√®,https://www.armanisilos.com/menu,,Soy Milk Cappuccino,Soy Milk Cappuccino,"€ 4,00",4.0,EUR,menu,drink,cappuccino,medium,,2026-06-01T14:38:53Z,https://www.armanisilos.com/menu
direct_website,armadi_silos_caff√®,Armadi Silos Caff√®,https://www.armanisilos.com/menu,,BIRRA ICHNUSA 33cl,BIRRA ICHNUSA 33cl,"€ 6,00",6.0,EUR,menu,drink,beer_bottle,medium,,2026-06-01T14:38:53Z,https://www.armanisilos.com/menu
direct_website,armadi_silos_caff√®,Armadi Silos Caff√®,https://www.armanisilos.com/menu,,COCA COLA,COCA COLA,"€ 6,00",6.0,EUR,menu,drink,soft_drink,medium,,2026-06-01T14:38:53Z,https://www.armanisilos.com/menu
direct_website,armadi_silos_caff√®,Armadi Silos Caff√®,https://www.armanisilos.com/menu,,"Italicus, Prosecco, Grapefruit soda, Lime juice","Italicus, Prosecco, Grapefruit soda, Lime juice","€ 12,00",12.0,EUR,menu,drink,prosecco_glass,medium,,2026-06-01T14:38:53Z,https://www.armanisilos.com/menu
mycia,chinese_box,Chinese Box,https://www.mycia.it/menu/milano/chinese-box-X87zvIVyD,APERITIVI,Campari Spritz,Campari Spritz,9,9.0,EUR,menu,drink,spritz,medium,,2026-06-01T14:38:53Z,https://www.mycia.it/menu/milano/chinese-box-X87zvIVyD
mycia,chinese_box,Chinese Box,https://www.mycia.it/menu/milano/chinese-box-X87zvIVyD,APERITIVI,Americano,Americano,9,9.0,EUR,menu,drink,americano,medium,,2026-06-01T14:38:53Z,https://www.mycia.it/menu/milano/chinese-box-X87zvIVyD
mycia,chinese_box,Chinese Box,https://www.mycia.it/menu/milano/chinese-box-X87zvIVyD,APERITIVI,Negroni,Negroni,9,9.0,EUR,menu,drink,negroni,medium,,2026-06-01T14:38:53Z,https://www.mycia.it/menu/milano/chinese-box-X87zvIVyD
mycia,classico_trattoria_&_cocktail,Classico Trattoria & Cocktail,https://www.mycia.it/menu/milano/classico-trattoria-cocktail-u8JjlPh9C,CLASSIC cocktail,Americano,Americano,12,12.0,EUR,menu,drink,americano,medium,,2026-06-01T14:38:53Z,https://www.mycia.it/menu/milano/classico-trattoria-cocktail-u8JjlPh9C
mycia,classico_trattoria_&_cocktail,Classico Trattoria & Cocktail,https://www.mycia.it/menu/milano/classico-trattoria-cocktail-u8JjlPh9C,CLASSIC cocktail,Negroni,Negroni,12,12.0,EUR,menu,drink,negroni,medium,,2026-06-01T14:38:53Z,https://www.mycia.it/menu/milano/classico-trattoria-cocktail-u8JjlPh9C
mycia,classico_trattoria_&_cocktail,Classico Trattoria & Cocktail,https://www.mycia.it/menu/milano/classico-trattoria-cocktail-u8JjlPh9C,CLASSICO CONTEMPORANEO,LOBO NEGRONI,LOBO NEGRONI,8,8.0,EUR,menu,drink,negroni,medium,,2026-06-01T14:38:53Z,https://www.mycia.it/menu/milano/classico-trattoria-cocktail-u8JjlPh9C
direct_website,cris_bar,Cris Bar,https://cdn.website.dish.co/media/83/34/9888011/Menu-1.pdf,,"Stout [Dark] 3,5€ 6€","Stout [Dark] 3,5€ 6€","€ 3,5",3.5,EUR,menu,drink,beer_bottle,medium,,2026-06-01T14:38:53Z,https://cdn.website.dish.co/media/83/34/9888011/Menu-1.pdf
direct_website,cris_bar,Cris Bar,https://cdn.website.dish.co/media/83/34/9888011/Menu-1.pdf,,Mojito 9€,Mojito 9€,€ 9,9.0,EUR,menu,drink,mojito,medium,,2026-06-01T14:38:53Z,https://cdn.website.dish.co/media/83/34/9888011/Menu-1.pdf
direct_website,cris_bar,Cris Bar,https://cdn.website.dish.co/media/83/34/9888011/Menu-1.pdf,,Aperol Spritz 9€,Aperol Spritz 9€,€ 9,9.0,EUR,menu,drink,spritz,medium,,2026-06-01T14:38:53Z,https://cdn.website.dish.co/media/83/34/9888011/Menu-1.pdf
direct_website,cris_bar,Cris Bar,https://cdn.website.dish.co/media/83/34/9888011/Menu-1.pdf,,Moscow mule 12€,Moscow mule 12€,€ 12,12.0,EUR,menu,drink,moscow_mule,medium,,2026-06-01T14:38:53Z,https://cdn.website.dish.co/media/83/34/9888011/Menu-1.pdf
direct_website,cris_bar,Cris Bar,https://cdn.website.dish.co/media/83/34/9888011/Menu-1.pdf,,Moscow Mule Mojito,Moscow Mule Mojito,€ 12,12.0,EUR,menu,drink,mojito,medium,,2026-06-01T14:38:53Z,https://cdn.website.dish.co/media/83/34/9888011/Menu-1.pdf
direct_website,cris_bar,Cris Bar,https://cdn.website.dish.co/media/83/34/9888011/Menu-1.pdf,,Coca-Cola 3€,Coca-Cola 3€,€ 3,3.0,EUR,menu,drink,soft_drink,medium,,2026-06-01T14:38:53Z,https://cdn.website.dish.co/media/83/34/9888011/Menu-1.pdf
mycia,dabass,Dabass,https://www.mycia.it/menu/milano/dabass-wz6Ay0kfg,GRANDI CLASSICI,Campari Spritz,Campari Spritz,6,6.0,EUR,menu,drink,spritz,medium,,2026-06-01T14:38:53Z,https://www.mycia.it/menu/milano/dabass-wz6Ay0kfg
mycia,dabass,Dabass,https://www.mycia.it/menu/milano/dabass-wz6Ay0kfg,GRANDI CLASSICI,Americano,Americano,9,9.0,EUR,menu,drink,americano,medium,,2026-06-01T14:38:53Z,https://www.mycia.it/menu/milano/dabass-wz6Ay0kfg
mycia,dabass,Dabass,https://www.mycia.it/menu/milano/dabass-wz6Ay0kfg,GRANDI CLASSICI,Negroni,Negroni,9,9.0,EUR,menu,drink,negroni,medium,,2026-06-01T14:38:53Z,https://www.mycia.it/menu/milano/dabass-wz6Ay0kfg
mycia,elettrauto_cadore,Elettrauto Cadore,https://www.mycia.it/menu/milano/elettrauto-cadore-XNwGkuOqD,APERITIVI,Americano,Americano,10,10.0,EUR,menu,drink,americano,medium,,2026-06-01T14:38:53Z,https://www.mycia.it/menu/milano/elettrauto-cadore-XNwGkuOqD
mycia,elettrauto_cadore,Elettrauto Cadore,https://www.mycia.it/menu/milano/elettrauto-cadore-XNwGkuOqD,APERITIVI,Negroni,Negroni,10,10.0,EUR,menu,drink,negroni,medium,,2026-06-01T14:38:53Z,https://www.mycia.it/menu/milano/elettrauto-cadore-XNwGkuOqD
mycia,elettrauto_cadore,Elettrauto Cadore,https://www.mycia.it/menu/milano/elettrauto-cadore-XNwGkuOqD,APERITIVI,Campari Spritz,Campari Spritz,10,10.0,EUR,menu,drink,spritz,medium,,2026-06-01T14:38:53Z,https://www.mycia.it/menu/milano/elettrauto-cadore-XNwGkuOqD
mycia,flow_milano,Flow Milano,https://www.mycia.it/menu/milano/flow-milano-AFJlGsF1t,GRANDI CLASSICI,Americano,Americano,10,10.0,EUR,menu,drink,americano,medium,,2026-06-01T14:38:53Z,https://www.mycia.it/menu/milano/flow-milano-AFJlGsF1t
mycia,flow_milano,Flow Milano,https://www.mycia.it/menu/milano/flow-milano-AFJlGsF1t,GRANDI CLASSICI,Negroni,Negroni,10,10.0,EUR,menu,drink,negroni,medium,,2026-06-01T14:38:53Z,https://www.mycia.it/menu/milano/flow-milano-AFJlGsF1t
mycia,flow_milano,Flow Milano,https://www.mycia.it/menu/milano/flow-milano-AFJlGsF1t,GRANDI CLASSICI,Campari Spritz,Campari Spritz,10,10.0,EUR,menu,drink,spritz,medium,,2026-06-01T14:38:53Z,https://www.mycia.it/menu/milano/flow-milano-AFJlGsF1t
mycia,flow_milano,Flow Milano,https://www.mycia.it/menu/milano/flow-milano-AFJlGsF1t,COFFEE & BREAKFAST,Cappuccino Avena,Cappuccino Avena,2.4,2.4,EUR,menu,drink,cappuccino,medium,,2026-06-01T14:38:53Z,https://www.mycia.it/menu/milano/flow-milano-AFJlGsF1t
mycia,fìgod_save_the_food_duomo,FìGod Save The Food Duomo,https://www.mycia.it/menu/milano/figod-save-the-food-duomo-gfbFV9YZM,APERITIVI,Campari Spritz,Campari Spritz,6,6.0,EUR,menu,drink,spritz,medium,,2026-06-01T14:38:53Z,https://www.mycia.it/menu/milano/figod-save-the-food-duomo-gfbFV9YZM
mycia,fìgod_save_the_food_duomo,FìGod Save The Food Duomo,https://www.mycia.it/menu/milano/figod-save-the-food-duomo-gfbFV9YZM,APERITIVI,Americano,Americano,8,8.0,EUR,menu,drink,americano,medium,,2026-06-01T14:38:53Z,https://www.mycia.it/menu/milano/figod-save-the-food-duomo-gfbFV9YZM
mycia,fìgod_save_the_food_duomo,FìGod Save The Food Duomo,https://www.mycia.it/menu/milano/figod-save-the-food-duomo-gfbFV9YZM,COKTAIL CLASSICI,MEZCAL NEGRONI,MEZCAL NEGRONI,8,8.0,EUR,menu,drink,negroni,medium,,2026-06-01T14:38:53Z,https://www.mycia.it/menu/milano/figod-save-the-food-duomo-gfbFV9YZM
mycia,god_save_the_food_brera,God Save The Food Brera,https://www.mycia.it/menu/milano/god-save-the-food-brera-698a7tJWo,APERITIVI,Campari Spritz,Campari Spritz,6,6.0,EUR,menu,drink,spritz,medium,,2026-06-01T14:38:53Z,https://www.mycia.it/menu/milano/god-save-the-food-brera-698a7tJWo
mycia,god_save_the_food_brera,God Save The Food Brera,https://www.mycia.it/menu/milano/god-save-the-food-brera-698a7tJWo,APERITIVI,Americano,Americano,8,8.0,EUR,menu,drink,americano,medium,,2026-06-01T14:38:53Z,https://www.mycia.it/menu/milano/god-save-the-food-brera-698a7tJWo
mycia,god_save_the_food_brera,God Save The Food Brera,https://www.mycia.it/menu/milano/god-save-the-food-brera-698a7tJWo,COKTAIL CLASSICI,MEZCAL NEGRONI,MEZCAL NEGRONI,8,8.0,EUR,menu,drink,negroni,medium,,2026-06-01T14:38:53Z,https://www.mycia.it/menu/milano/god-save-the-food-brera-698a7tJWo
mycia,god_save_the_food_piave,God Save The Food Piave,https://www.mycia.it/menu/milano/god-save-the-food-piave-OHtMIG9j7,APERITIVI,Campari Spritz,Campari Spritz,6,6.0,EUR,menu,drink,spritz,medium,,2026-06-01T14:38:53Z,https://www.mycia.it/menu/milano/god-save-the-food-piave-OHtMIG9j7
mycia,god_save_the_food_piave,God Save The Food Piave,https://www.mycia.it/menu/milano/god-save-the-food-piave-OHtMIG9j7,APERITIVI,Americano,Americano,8,8.0,EUR,menu,drink,americano,medium,,2026-06-01T14:38:53Z,https://www.mycia.it/menu/milano/god-save-the-food-piave-OHtMIG9j7
mycia,god_save_the_food_piave,God Save The Food Piave,https://www.mycia.it/menu/milano/god-save-the-food-piave-OHtMIG9j7,COKTAIL CLASSICI,MEZCAL NEGRONI,MEZCAL NEGRONI,8,8.0,EUR,menu,drink,negroni,medium,,2026-06-01T14:38:53Z,https://www.mycia.it/menu/milano/god-save-the-food-piave-OHtMIG9j7
mycia,god_save_the_food_tortona,God Save The Food Tortona,https://www.mycia.it/menu/milano/god-save-the-food-tortona-QpVDaj6aP,APERITIVI,Campari Spritz,Campari Spritz,6,6.0,EUR,menu,drink,spritz,medium,,2026-06-01T14:38:53Z,https://www.mycia.it/menu/milano/god-save-the-food-tortona-QpVDaj6aP
mycia,god_save_the_food_tortona,God Save The Food Tortona,https://www.mycia.it/menu/milano/god-save-the-food-tortona-QpVDaj6aP,APERITIVI,Americano,Americano,8,8.0,EUR,menu,drink,americano,medium,,2026-06-01T14:38:53Z,https://www.mycia.it/menu/milano/god-save-the-food-tortona-QpVDaj6aP
mycia,god_save_the_food_tortona,God Save The Food Tortona,https://www.mycia.it/menu/milano/god-save-the-food-tortona-QpVDaj6aP,COKTAIL CLASSICI,MEZCAL NEGRONI,MEZCAL NEGRONI,8,8.0,EUR,menu,drink,negroni,medium,,2026-06-01T14:38:53Z,https://www.mycia.it/menu/milano/god-save-the-food-tortona-QpVDaj6aP
mycia,hotel_ibis_milano_fiera,Hotel Ibis Milano Fiera,https://www.mycia.it/menu/milano/hotel-ibis-milano-fiera-K5UFPvYo0,Caffetteria,Caffè/Americano,Caffè/Americano,3,3.0,EUR,menu,drink,espresso,medium,,2026-06-01T14:38:53Z,https://www.mycia.it/menu/milano/hotel-ibis-milano-fiera-K5UFPvYo0
mycia,hotel_ibis_milano_fiera,Hotel Ibis Milano Fiera,https://www.mycia.it/menu/milano/hotel-ibis-milano-fiera-K5UFPvYo0,Soft drinks,Acqua minerale,Acqua minerale,3,3.0,EUR,menu,drink,water,medium,,2026-06-01T14:38:53Z,https://www.mycia.it/menu/milano/hotel-ibis-milano-fiera-K5UFPvYo0
mycia,hotel_ibis_milano_fiera,Hotel Ibis Milano Fiera,https://www.mycia.it/menu/milano/hotel-ibis-milano-fiera-K5UFPvYo0,Birre,Ichnusa non filtrata,Ichnusa non filtrata,6,6.0,EUR,menu,drink,beer_bottle,medium,,2026-06-01T14:38:53Z,https://www.mycia.it/menu/milano/hotel-ibis-milano-fiera-K5UFPvYo0
leggimenu,l'isola_di_aurora,L'Isola di Aurora,https://www.leggimenu.it/menu/lisoladiaurorait,Birre,Heineken,Heineken,€2.00,2.0,EUR,menu,drink,beer_heineken,medium,,2026-06-01T14:38:53Z,https://www.leggimenu.it/menu/lisoladiaurorait/87384
leggimenu,l'isola_di_aurora,L'Isola di Aurora,https://www.leggimenu.it/menu/lisoladiaurorait,Birre,Nastro Azzurro,Nastro Azzurro,€2.00,2.0,EUR,menu,drink,beer_peroni,medium,,2026-06-01T14:38:53Z,https://www.leggimenu.it/menu/lisoladiaurorait/87384
leggimenu,l'isola_di_aurora,L'Isola di Aurora,https://www.leggimenu.it/menu/lisoladiaurorait,Birre,Ichnusa,Ichnusa,€2.00,2.0,EUR,menu,drink,beer_bottle,medium,,2026-06-01T14:38:53Z,https://www.leggimenu.it/menu/lisoladiaurorait/87384
leggimenu,l'isola_di_aurora,L'Isola di Aurora,https://www.leggimenu.it/menu/lisoladiaurorait,Birre,Peroni Gran Riserva puro malto,Peroni Gran Riserva puro malto,€5.00,5.0,EUR,menu,drink,beer_peroni,medium,,2026-06-01T14:38:53Z,https://www.leggimenu.it/menu/lisoladiaurorait/87384
mycia,la_società_milano,La Società Milano,https://www.mycia.it/menu/milano/la-societa-milano-0936b44ad,BEVANDE,Caffè,Caffè,2.5,2.5,EUR,menu,drink,espresso,medium,,2026-06-01T14:38:53Z,https://www.mycia.it/menu/milano/la-societa-milano-0936b44ad
mycia,la_società_milano,La Società Milano,https://www.mycia.it/menu/milano/la-societa-milano-0936b44ad,BEVANDE,Acqua in bottiglia,Acqua in bottiglia,2,2.0,EUR,menu,drink,water,medium,,2026-06-01T14:38:53Z,https://www.mycia.it/menu/milano/la-societa-milano-0936b44ad
direct_website,lab_milano,Lab Milano,https://www.thelabmilano.it/wp-content/uploads/theLab_Menu.pdf,,"LA STAFA – Irish Stout, 4,3%Vol 6,7€","LA STAFA – Irish Stout, 4,3%Vol 6,7€","€ 6,7",6.7,EUR,menu,drink,beer_bottle,medium,,2026-06-01T14:38:53Z,https://www.thelabmilano.it/wp-content/uploads/theLab_Menu.pdf
direct_website,lab_milano,Lab Milano,https://www.thelabmilano.it/wp-content/uploads/theLab_Menu.pdf,,"BUROCRACY – IPA, 6%Vol 6,5€","BUROCRACY – IPA, 6%Vol 6,5€","€ 6,5",6.5,EUR,menu,drink,beer_bottle,medium,,2026-06-01T14:38:53Z,https://www.thelabmilano.it/wp-content/uploads/theLab_Menu.pdf
direct_website,lab_milano,Lab Milano,https://www.thelabmilano.it/wp-content/uploads/theLab_Menu.pdf,,"SPACEMAN – West Coast IPA, 7%Vol 7€","SPACEMAN – West Coast IPA, 7%Vol 7€",€ 7,7.0,EUR,menu,drink,beer_bottle,medium,,2026-06-01T14:38:53Z,https://www.thelabmilano.it/wp-content/uploads/theLab_Menu.pdf
direct_website,lab_milano,Lab Milano,https://www.thelabmilano.it/wp-content/uploads/theLab_Menu.pdf,,"SELECT SPRITZ - Biter Select, Proseco DOC, Seltz 6,5€","SELECT SPRITZ - Biter Select, Proseco DOC, Seltz 6,5€","€ 6,5",6.5,EUR,menu,drink,spritz,medium,,2026-06-01T14:38:53Z,https://www.thelabmilano.it/wp-content/uploads/theLab_Menu.pdf
direct_website,lab_milano,Lab Milano,https://www.thelabmilano.it/wp-content/uploads/theLab_Menu.pdf,,Acqua minerale naturale 50cl 2€,Acqua minerale naturale 50cl 2€,€ 2,2.0,EUR,menu,drink,water,medium,,2026-06-01T14:38:53Z,https://www.thelabmilano.it/wp-content/uploads/theLab_Menu.pdf
direct_website,lab_milano,Lab Milano,https://www.thelabmilano.it/wp-content/uploads/theLab_Menu.pdf,,"Coca Cola vetro 33cl 3,5€","Coca Cola vetro 33cl 3,5€","€ 3,5",3.5,EUR,menu,drink,soft_drink,medium,,2026-06-01T14:38:53Z,https://www.thelabmilano.it/wp-content/uploads/theLab_Menu.pdf
mycia,mi_casa_toasteria,Mi Casa Toasteria,https://www.mycia.it/menu/milano/mi-casa-toasteria-P4yyL48ZD,CAFFETTERIA,Caffè espresso,Caffè espresso,1.1,1.1,EUR,menu,drink,espresso,medium,,2026-06-01T14:38:53Z,https://www.mycia.it/menu/milano/mi-casa-toasteria-P4yyL48ZD
mycia,mi_casa_toasteria,Mi Casa Toasteria,https://www.mycia.it/menu/milano/mi-casa-toasteria-P4yyL48ZD,CAFFETTERIA,Caffè decaffeinato,Caffè decaffeinato,1.2,1.2,EUR,menu,drink,espresso,medium,,2026-06-01T14:38:53Z,https://www.mycia.it/menu/milano/mi-casa-toasteria-P4yyL48ZD
mycia,monkey_cocktail_bar_milano,Monkey Cocktail Bar Milano,https://www.mycia.it/menu/milano/monkey-cocktail-bar-milano-0M736DXb7,APERITIVI,AMERICANO,AMERICANO,10,10.0,EUR,menu,drink,americano,medium,,2026-06-01T14:38:53Z,https://www.mycia.it/menu/milano/monkey-cocktail-bar-milano-0M736DXb7
mycia,monkey_cocktail_bar_milano,Monkey Cocktail Bar Milano,https://www.mycia.it/menu/milano/monkey-cocktail-bar-milano-0M736DXb7,APERITIVI,LIMONCELLO SPRITZ,LIMONCELLO SPRITZ,12,12.0,EUR,menu,drink,spritz,medium,,2026-06-01T14:38:53Z,https://www.mycia.it/menu/milano/monkey-cocktail-bar-milano-0M736DXb7
mycia,monkey_cocktail_bar_milano,Monkey Cocktail Bar Milano,https://www.mycia.it/menu/milano/monkey-cocktail-bar-milano-0M736DXb7,APERITIVI,BOULEVARDIER,BOULEVARDIER,12,12.0,EUR,menu,drink,negroni,medium,,2026-06-01T14:38:53Z,https://www.mycia.it/menu/milano/monkey-cocktail-bar-milano-0M736DXb7
mycia,monkey_cocktail_bar_milano,Monkey Cocktail Bar Milano,https://www.mycia.it/menu/milano/monkey-cocktail-bar-milano-0M736DXb7,COCKTAILS,PALOMA,PALOMA,10,10.0,EUR,menu,drink,margarita,medium,,2026-06-01T14:38:53Z,https://www.mycia.it/menu/milano/monkey-cocktail-bar-milano-0M736DXb7
mycia,monkey_cocktail_bar_milano,Monkey Cocktail Bar Milano,https://www.mycia.it/menu/milano/monkey-cocktail-bar-milano-0M736DXb7,caffetteria,Caffè Nespresso,Caffè Nespresso,2,2.0,EUR,menu,drink,espresso,medium,,2026-06-01T14:38:53Z,https://www.mycia.it/menu/milano/monkey-cocktail-bar-milano-0M736DXb7
mycia,movida_ristorante_milano,Movida Ristorante Milano,https://www.mycia.it/menu/milano/movida-ristorante-milano-3R9oWSwOI,GRANDI CLASSICI,Campari Spritz,Campari Spritz,9,9.0,EUR,menu,drink,spritz,medium,,2026-06-01T14:38:53Z,https://www.mycia.it/menu/milano/movida-ristorante-milano-3R9oWSwOI
mycia,movida_ristorante_milano,Movida Ristorante Milano,https://www.mycia.it/menu/milano/movida-ristorante-milano-3R9oWSwOI,GRANDI CLASSICI,Americano,Americano,9,9.0,EUR,menu,drink,americano,medium,,2026-06-01T14:38:53Z,https://www.mycia.it/menu/milano/movida-ristorante-milano-3R9oWSwOI
mycia,movida_ristorante_milano,Movida Ristorante Milano,https://www.mycia.it/menu/milano/movida-ristorante-milano-3R9oWSwOI,GRANDI CLASSICI,Negroni,Negroni,10,10.0,EUR,menu,drink,negroni,medium,,2026-06-01T14:38:53Z,https://www.mycia.it/menu/milano/movida-ristorante-milano-3R9oWSwOI
mycia,pesa_pubblica,Pesa Pubblica,https://www.mycia.it/menu/milano/pesa-pubblica-VMOc9sBUG,GRANDI CLASSICI,Americano,Americano,8,8.0,EUR,menu,drink,americano,medium,,2026-06-01T14:38:53Z,https://www.mycia.it/menu/milano/pesa-pubblica-VMOc9sBUG
mycia,pesa_pubblica,Pesa Pubblica,https://www.mycia.it/menu/milano/pesa-pubblica-VMOc9sBUG,GRANDI CLASSICI,Negroni,Negroni,8,8.0,EUR,menu,drink,negroni,medium,,2026-06-01T14:38:53Z,https://www.mycia.it/menu/milano/pesa-pubblica-VMOc9sBUG
mycia,pesa_pubblica,Pesa Pubblica,https://www.mycia.it/menu/milano/pesa-pubblica-VMOc9sBUG,GRANDI CLASSICI,Campari Spritz,Campari Spritz,8,8.0,EUR,menu,drink,spritz,medium,,2026-06-01T14:38:53Z,https://www.mycia.it/menu/milano/pesa-pubblica-VMOc9sBUG
direct_website,pollicino,Pollicino,http://ristopollicino.it/wp-content/uploads/2026/02/NUOVO-MENU-strada-2026.pdf,,Corona 0.0% € 5.00,Corona 0.0% € 5.00,€ 5.00,5.0,EUR,menu,drink,beer_bottle,medium,,2026-06-01T14:38:53Z,http://ristopollicino.it/wp-content/uploads/2026/02/NUOVO-MENU-strada-2026.pdf
mycia,suzy,Suzy,https://www.mycia.it/menu/milano/suzy-W1Lar2uij,APERITIVI,Americano,Americano,10,10.0,EUR,menu,drink,americano,medium,,2026-06-01T14:38:53Z,https://www.mycia.it/menu/milano/suzy-W1Lar2uij
mycia,suzy,Suzy,https://www.mycia.it/menu/milano/suzy-W1Lar2uij,APERITIVI,Negroni,Negroni,10,10.0,EUR,menu,drink,negroni,medium,,2026-06-01T14:38:53Z,https://www.mycia.it/menu/milano/suzy-W1Lar2uij
mycia,suzy,Suzy,https://www.mycia.it/menu/milano/suzy-W1Lar2uij,APERITIVI,Campari Spritz,Campari Spritz,10,10.0,EUR,menu,drink,spritz,medium,,2026-06-01T14:38:53Z,https://www.mycia.it/menu/milano/suzy-W1Lar2uij
mycia,suzy,Suzy,https://www.mycia.it/menu/milano/suzy-W1Lar2uij,COCKTAILS,ESPOLON PALOMA,ESPOLON PALOMA,10,10.0,EUR,menu,drink,margarita,medium,,2026-06-01T14:38:53Z,https://www.mycia.it/menu/milano/suzy-W1Lar2uij
mycia,terrazza_duomo_21,Terrazza Duomo 21,https://www.mycia.it/menu/milano/terrazza-duomo-21-PHRu4MlTt,GRANDI CLASSICI,Americano,Americano,15,15.0,EUR,menu,drink,americano,medium,,2026-06-01T14:38:53Z,https://www.mycia.it/menu/milano/terrazza-duomo-21-PHRu4MlTt
mycia,terrazza_duomo_21,Terrazza Duomo 21,https://www.mycia.it/menu/milano/terrazza-duomo-21-PHRu4MlTt,GRANDI CLASSICI,Negroni,Negroni,15,15.0,EUR,menu,drink,negroni,medium,,2026-06-01T14:38:53Z,https://www.mycia.it/menu/milano/terrazza-duomo-21-PHRu4MlTt
mycia,terrazza_duomo_21,Terrazza Duomo 21,https://www.mycia.it/menu/milano/terrazza-duomo-21-PHRu4MlTt,GRANDI CLASSICI,Campari Spritz,Campari Spritz,15,15.0,EUR,menu,drink,spritz,medium,,2026-06-01T14:38:53Z,https://www.mycia.it/menu/milano/terrazza-duomo-21-PHRu4MlTt
mycia,tutto_bene_grazie,Tutto bene grazie,https://www.mycia.it/menu/milano/tutto-bene-grazie-8bVibf6xG,APERITIVI,Americano,Americano,8,8.0,EUR,menu,drink,americano,medium,,2026-06-01T14:38:53Z,https://www.mycia.it/menu/milano/tutto-bene-grazie-8bVibf6xG
mycia,tutto_bene_grazie,Tutto bene grazie,https://www.mycia.it/menu/milano/tutto-bene-grazie-8bVibf6xG,APERITIVI,Negroni,Negroni,8,8.0,EUR,menu,drink,negroni,medium,,2026-06-01T14:38:53Z,https://www.mycia.it/menu/milano/tutto-bene-grazie-8bVibf6xG
mycia,tutto_bene_grazie,Tutto bene grazie,https://www.mycia.it/menu/milano/tutto-bene-grazie-8bVibf6xG,APERITIVI,Campari Spritz,Campari Spritz,7,7.0,EUR,menu,drink,spritz,medium,,2026-06-01T14:38:53Z,https://www.mycia.it/menu/milano/tutto-bene-grazie-8bVibf6xG
direct_website,labirrofila.com,labirrofila.com,https://labirrofila.com/menu/sera/,,LA Lucida (Baby IPA),LA Lucida (Baby IPA),"€ 5,00",5.0,EUR,menu,drink,beer_bottle,medium,,2026-06-01T14:38:53Z,https://labirrofila.com/menu/sera/
direct_website,labirrofila.com,labirrofila.com,https://labirrofila.com/menu/sera/,,💥 Spritz aperol o campari,💥 Spritz aperol o campari,"€ 8,00",8.0,EUR,menu,drink,spritz,medium,,2026-06-01T14:38:53Z,https://labirrofila.com/menu/sera/
direct_website,labirrofila.com,labirrofila.com,https://labirrofila.com/menu/sera/,,Gin tonic,Gin tonic,"€ 8,00",8.0,EUR,menu,drink,gin_tonic,medium,,2026-06-01T14:38:53Z,https://labirrofila.com/menu/sera/
direct_website,labirrofila.com,labirrofila.com,https://labirrofila.com/menu/sera/,,Coca Cola,Coca Cola,"€ 4,00",4.0,EUR,menu,drink,soft_drink,medium,,2026-06-01T14:38:53Z,https://labirrofila.com/menu/sera/
direct_website,labirrofila.com,labirrofila.com,https://labirrofila.com/menu/sera/,,Acqua nat/frizz,Acqua nat/frizz,"€ 1,00",1.0,EUR,menu,drink,water,medium,,2026-06-01T14:38:53Z,https://labirrofila.com/menu/sera/
direct_website,labirrofila.com,labirrofila.com,https://labirrofila.com/menu/pranzo/,,LA Lucida (Baby IPA),LA Lucida (Baby IPA),"€ 4,00",4.0,EUR,menu,drink,beer_bottle,medium,,2026-06-01T14:38:53Z,https://labirrofila.com/menu/pranzo/
direct_website,labirrofila.com,labirrofila.com,https://labirrofila.com/menu/pranzo/,,Coca Cola,Coca Cola,"€ 3,50",3.5,EUR,menu,drink,soft_drink,medium,,2026-06-01T14:38:53Z,https://labirrofila.com/menu/pranzo/
