source_platform,source_venue_id,venue_name,venue_url,address,city,latitude,longitude,categories,price_tier,rating,rating_count,phone,website,opening_hours,has_menu,menu_url,extraction_status,retrieved_at
direct_website,osm_260349649,Victoria's,https://www.victoriasclub.it/,Via Feltre,Milano,45.4910506,9.2390944,pub,,,,+39 02 36723167,https://www.victoriasclub.it/,,False,https://www.victoriasclub.it/cocktail-bar/,ok_no_menu,2026-05-30T20:43:55.019300+00:00
direct_website,osm_269924613,Radetzky Café,https://www.radetzky.it/,Largo La Foppa 5,Milano,45.478435,9.1850522,bar,,,,+39 02 6572645,https://www.radetzky.it/,,False,https://mycontactlessmenu.mycia.it/r/q/YTgreB1of/menu,ok_no_menu,2026-05-30T20:43:55.019300+00:00
direct_website,osm_269924649,Scott Duff,https://scottduff.it/,Via Alessandro Volta 13,Milano,45.4799222,9.1832687,pub,,,,+39 02 29002574,https://scottduff.it/,"Mo-Sa 16:30-02:00, Su 15:00-01:00",False,https://scottduff.it/menu/,ok_no_menu,2026-05-30T20:43:55.019300+00:00
direct_website,osm_301979235,Wizard,https://thewizardpub.wordpress.com/,Ripa di Porta Ticinese 69,Milano,45.4504343,9.1692493,pub,,,,,https://thewizardpub.wordpress.com/,,False,https://thewizardpub.wordpress.com/le-nostre-birre/,ok_no_menu,2026-05-30T20:43:55.019300+00:00
direct_website,osm_304775595,Bar Magenta,https://barmagenta.it/,Via Giosuè Carducci 13,Milano,45.465692,9.175656,pub,,,,+39028053808,https://barmagenta.it/,Mo-Su 07:30-02:00,False,https://barmagenta.it/,ok_no_menu,2026-05-30T20:43:55.019300+00:00
direct_website,osm_316123729,Camarillo Brillo,https://camarillobrillo.business.site/,Via Lodovico il Moro 83,Milano,45.4446001,9.1418269,pub,,,,,https://camarillobrillo.business.site/,,False,https://camarillobrillo.business.site/,error,2026-05-30T20:43:55.019300+00:00
direct_website,osm_318431242,Tin Whistle,https://www.facebook.com/tinwhistlemilano/,Via Lodovico il Moro 55,Milano,45.4451996,9.1446995,pub,,,,,https://www.facebook.com/tinwhistlemilano/,,False,https://www.facebook.com/tinwhistlemilano/,ok_no_menu,2026-05-30T20:43:55.019300+00:00
direct_website,osm_340096546,Frida,https://www.fridaisola.it/,Via Antonio Pollaiuolo 3,Milano,45.4887512,9.187111,pub,,,,+39 02 680260,https://www.fridaisola.it/,"Mo-Fr 10:00-15:00,18:00-02:00; Sa 16:00-02:00; Su 12:00-01:00",False,https://www.fridaisola.it/,ok_no_menu,2026-05-30T20:43:55.019300+00:00
direct_website,osm_392260544,Mulligan's,https://mulliganspub.it/,Via Giuseppe Govone 28,Milano,45.4894039,9.1677301,pub,,,,+39 02 09974886,https://mulliganspub.it/,Mo-Sa 18:00-24:00; Tu-Su 24:00-01:00,False,https://mulliganspub.it/birre,ok_no_menu,2026-05-30T20:43:55.019300+00:00
direct_website,osm_392260637,The Saints and the Scholars,https://www.thesaintspub.it/,,Milano,45.4890802,9.1675217,pub,,,,,https://www.thesaintspub.it/,,False,https://www.thesaintspub.it/menu/,ok_no_menu,2026-05-30T20:43:55.019300+00:00
direct_website,osm_408781426,Woodstock,https://www.qodeup.com/woodstock,Via Lodovico il Moro 3,Milano,45.4474586,9.1553746,pub,,,,,https://www.qodeup.com/woodstock,"Mo-Fr 12:00-15:00,18:00-01:30, Sa 18:00-02:00, Su 18:00-01:30",True,https://www.qodeup.com#prices,ok_with_menu,2026-05-30T20:43:55.019300+00:00
direct_website,osm_418360920,Blues Bikers Pub,https://www.bluesbikerspub.com/,Via Francesco Brioschi 7,Milano,45.446919,9.1805453,pub,,,,,https://www.bluesbikerspub.com/,Tu-Su 19:00-02:00; Mo off,False,https://www.bluesbikerspub.com/,ok_no_menu,2026-05-30T20:43:55.019300+00:00
direct_website,osm_524320493,Birrificio Lambrate,https://www.birrificiolambrate.com/,Via Privata Adelchi 5,Milano,45.4857051,9.2315149,pub,,,,+39 02 70638678,https://www.birrificiolambrate.com/,"Mo 00:00-02:30; Tu 18:00-24:00; We-Su 00:00-02:30,18:00-24:00",False,https://birrificiolambrate.com/tag-prodotto/birra/,ok_no_menu,2026-05-30T20:43:55.019300+00:00
direct_website,osm_540813357,55 Milano,https://www.55milano.com/,Via Piero della Francesca 55,Milano,45.4859082,9.16045,bar,,,,,https://www.55milano.com/,"Mo-Su 00:00-03:00,18:00-24:00",False,https://www.55milano.com/menu-fissi/,ok_no_menu,2026-05-30T20:43:55.019300+00:00
direct_website,osm_540813367,Il Gattopardo,https://www.ilgattopardomilano.com/,Via Piero della Francesca 47,Milano,45.4852331,9.1614442,nightclub,,,,,https://www.ilgattopardomilano.com/,,False,https://www.ilgattopardomilano.com/,ok_no_menu,2026-05-30T20:43:55.019300+00:00
direct_website,osm_661079651,DrinKasi,https://drinkasi.webnode.it,Via Ascanio Sforza 9,Milano,45.4507082,9.1779486,pub,,,,,https://drinkasi.webnode.it,Mo-Su 18:00-02:00,False,https://drinkasi.webnode.it,error,2026-05-30T20:43:55.019300+00:00
direct_website,osm_702123543,Bhangrabar,https://bhangrabar.it/,Corso Sempione 1,Milano,45.4762187,9.1713186,pub,,,,,https://bhangrabar.it/,"Mo-Su 18:00-02:00; Dec 24,25,31 off",False,https://bhangrabar.it/aperitivo-milano/bhangra-bar-milano-aperitivo-cocktail-et-ambiance-unique/,ok_no_menu,2026-05-30T20:43:55.019300+00:00
direct_website,osm_702123819,Deseo,https://www.deseomilano.com/,Piazza Sempione 8,Milano,45.4765344,9.1716956,bar,,,,+39 02 315164,https://www.deseomilano.com/,,False,https://www.deseomilano.com/menu/Menu.pdf,ok_no_menu,2026-05-30T20:43:55.019300+00:00
direct_website,osm_702128300,Pils Pub,https://www.pilspub.com/,Via Agostino Bertani 2,Milano,45.4773077,9.1746406,bar,,,,+39 02 34592858,https://www.pilspub.com/,,False,https://dishcovery.menu/app/restaurants/1118decaa8da86715ae5da882d7d759c/a-la-carte-menu,ok_no_menu,2026-05-30T20:43:55.019300+00:00
direct_website,osm_702128708,Living,https://www.livingmilano.com/,Piazza Sempione 2,Milano,45.4763635,9.173164,bar,,,,,https://www.livingmilano.com/,,False,https://www.livingmilano.com/cocktail/,ok_no_menu,2026-05-30T20:43:55.019300+00:00
direct_website,osm_746951476,King's Pub,https://kingspub.it/,Alzaia Naviglio Pavese 8,Milano,45.4513229,9.1776869,pub,,,,+39028361264,https://kingspub.it/,Mo-Fr 18:00-02:00; Sa 16:00-02:00; Su 12:00-02:00,False,https://kingspub.it/food-drink/,ok_no_menu,2026-05-30T20:43:55.019300+00:00
direct_website,osm_1003136479,Shatar Pub,http://www.shatarpub.com,Via Daniele Ricciarelli 8,Milano,45.4726581,9.1429735,pub,,,,+393662528078,http://www.shatarpub.com,,False,http://www.shatarpub.com,ok_no_menu,2026-05-30T20:43:55.019300+00:00
direct_website,osm_1189928796,Lost in Town,http://www.lostintown-milano.com/,Via Piero della Francesca 38,Milano,45.4839367,9.1640319,bar,,,,,http://www.lostintown-milano.com/,,False,http://www.lostintown-milano.com/,error,2026-05-30T20:43:55.019300+00:00
direct_website,osm_1285244654,Bar Bianco,https://www.barbiancomilano.com/,Viale Ibsen 4,Milano,45.4735526,9.1775313,bar,,,,,https://www.barbiancomilano.com/,Mo-Su 09:00-22:00,False,https://www.barbiancomilano.com/,ok_no_menu,2026-05-30T20:43:55.019300+00:00
direct_website,osm_1679695858,Harp Pub Guinness,https://harppubguinness.eatbu.com,Piazza Leonardo da Vinci 10,Milano,45.4772546,9.2255218,pub,,,,+39 02 36686194,https://harppubguinness.eatbu.com,"Mo-Fr 11:00-24:00; Sa 00:00-01:00, 18:00-24:00; Su 00:00-01:00",False,https://cdn.website.dish.co/media/5d/e2/4446578/Menu-Rhum.pdf,ok_no_menu,2026-05-30T20:43:55.019300+00:00
direct_website,osm_1853370614,Rita's Tikiroom,https://www.ritastikiroom.com/it/,Ripa di Porta Ticinese 69,Milano,45.4504917,9.1695248,bar,,,,+390283555017,https://www.ritastikiroom.com/it/,Tu-Su 18:00-02:00; Mo off,False,https://www.ritastikiroom.com/it/menu/,ok_no_menu,2026-05-30T20:43:55.019300+00:00
direct_website,osm_1922469810,Banshee,http://www.banshee.pub/,Piazzale Supercortemaggiore 2,San Donato Milanese,45.4204047,9.2585807,pub,,,,,http://www.banshee.pub/,,False,http://www.banshee.pub/cocktail-bar/,ok_no_menu,2026-05-30T20:43:55.019300+00:00
direct_website,osm_2093480255,Spiller,https://spillerbirrerie.it,,Milano,45.4911256,9.1859892,pub,,,,,https://spillerbirrerie.it,,False,https://spillerbirrerie.it/menu/,ok_no_menu,2026-05-30T20:43:55.019300+00:00
direct_website,osm_2106515265,Isola Della Birra,https://www.isoladellabirra.com/,Via Medardo Rosso 18,Milano,45.4897114,9.1853194,pub,,,,,https://www.isoladellabirra.com/,,False,https://www.isoladellabirra.com/,error,2026-05-30T20:43:55.019300+00:00
direct_website,osm_2150139029,Karma,http://www.karmamilano.it,Via Fabio Massimo 36,Milano,45.433041,9.2311594,nightclub,,,,+39 346 383 1499;+39 339 409 0542,http://www.karmamilano.it,,False,http://www.karmamilano.it,error,2026-05-30T20:43:55.019300+00:00
direct_website,osm_2219734555,Dito Divino,https://www.ditodivino.com/,Via Gaetano Negri 8,Milano,45.4652176,9.1840313,bar,,,,+39 02 89096532,https://www.ditodivino.com/,,False,https://www.ditodivino.com/,ok_no_menu,2026-05-30T20:43:55.019300+00:00
direct_website,osm_2226485067,Gate,https://www.gatemilano.it/,Via Valtellina 21,Milano,45.4943778,9.1819083,nightclub,,,,,https://www.gatemilano.it/,,False,https://www.gatemilano.it/,ok_no_menu,2026-05-30T20:43:55.019300+00:00
direct_website,osm_2226705938,Pico Brew Station,https://www.picobrew.it/,Via Ascanio Sforza 63,Milano,45.4451963,9.1766917,pub,,,,,https://www.picobrew.it/,"Su-Th 17:30-01:00, Fr,Sa 17:30-02:00",False,https://www.picobrew.it/,ok_no_menu,2026-05-30T20:43:55.019300+00:00
direct_website,osm_2262460457,Spritz,https://www.leggimenu.it/menu/spritznaviglimilano,Ripa di Porta Ticinese 9,Milano,45.4519849,9.1765944,bar,,,,+390283390192,https://www.leggimenu.it/menu/spritznaviglimilano,Mo-Su 18:00-02:00,False,https://www.leggimenu.it/menu/spritznaviglimilano,ok_no_menu,2026-05-30T20:43:55.019300+00:00
direct_website,osm_2262460459,La Ringhiera,https://www.laringhierapub.it/,Ripa di Porta Ticinese 5,Milano,45.4520986,9.1772402,pub,,,,+390284193359,https://www.laringhierapub.it/,Mo-Su 15:30-02:00,False,https://laringhierapub.it/chi-siamo-cocktail-bar-navigli/,ok_no_menu,2026-05-30T20:43:55.019300+00:00
direct_website,osm_2272639838,Tocqueville,http://www.tocqueville13.it/,Via Alessio di Tocqueville 13,Milano,45.4824121,9.1864777,nightclub,,,,+39 335 6819631,http://www.tocqueville13.it/,,False,http://www.tocqueville13.it/,ok_no_menu,2026-05-30T20:43:55.019300+00:00
direct_website,osm_2272639841,11 Clubroom,https://www.11milano.it/,Via Alessio di Tocqueville 11,Milano,45.4824216,9.1868074,nightclub,,,,,https://www.11milano.it/,,False,https://www.11milano.it/,ok_no_menu,2026-05-30T20:43:55.019300+00:00
direct_website,osm_2356391600,Spiller,https://www.spillerbirrerie.it/,Via Larga 8,Milano,45.4621982,9.1929566,bar,,,,+390238299987,https://www.spillerbirrerie.it/,,False,https://spillerbirrerie.it/menu/,ok_no_menu,2026-05-30T20:43:55.019300+00:00
direct_website,osm_2447394517,Nicol,http://www.nicol.it/,Corso Italia 14,Milano,45.4582773,9.1875099,bar,,,,+39 02 804949,http://www.nicol.it/,,False,http://www.nicol.it/,ok_no_menu,2026-05-30T20:43:55.019300+00:00
direct_website,osm_2540438679,Balubà,https://www.balubabar.net/,Via Carlo Foldi 1,Milano,45.4613781,9.2119063,bar,,,,,https://www.balubabar.net/,,False,https://www.balubabar.net/,ok_no_menu,2026-05-30T20:43:55.019300+00:00
direct_website,osm_2548327934,Bar Fratelli Guido,https://www.facebook.com/barfratelli.guido,Via Gallarate,Milano,45.5046684,9.1059824,bar,,,,+39 02 3810 1762,https://www.facebook.com/barfratelli.guido,,False,https://www.facebook.com/barfratelli.guido,ok_no_menu,2026-05-30T20:43:55.019300+00:00
direct_website,osm_2719628296,Blue Note,https://www.bluenotemilano.com/,Via Pietro Borsieri 37,Milano,45.4895296,9.1888504,nightclub,,,,+39 02 69016888,https://www.bluenotemilano.com/,,False,https://www.bluenotemilano.com/,ok_no_menu,2026-05-30T20:43:55.019300+00:00
direct_website,osm_2724178325,Hollywood,https://www.discotecahollywood.com/,Corso Como 15,Milano,45.4825948,9.1872054,nightclub,,,,,https://www.discotecahollywood.com/,,False,https://www.discotecahollywood.com/,error,2026-05-30T20:43:55.019300+00:00
direct_website,osm_2724178332,LoolaPaloosa,http://www.loolapaloosa.com/,Corso Como 15,Milano,45.4825218,9.1871885,nightclub,,,,+39 02 6555693,http://www.loolapaloosa.com/,,False,http://www.loolapaloosa.com/,ok_no_menu,2026-05-30T20:43:55.019300+00:00
direct_website,osm_2744645399,Abbracci Bistrot,https://abbraccibistrot.com/,Via Casale 7,Milano,45.4512603,9.1711883,bar,,,,+39 02 84244310,https://abbraccibistrot.com/,,False,https://abbraccibistrot.com/,error,2026-05-30T20:43:55.019300+00:00
direct_website,osm_2758108717,Concordia Enoteca,https://www.cantinaconcordia.it/,Ripa di Porta Ticinese 61,Milano,45.4507535,9.1707484,pub,,,,,https://www.cantinaconcordia.it/,,False,https://www.cantinaconcordia.it/,ok_no_menu,2026-05-30T20:43:55.019300+00:00
direct_website,osm_2774913913,Blues Canal,https://www.bluescanalmilano.com/,Via Casale 7,Milano,45.451583,9.1708748,pub,,,,+39028360799,https://www.bluescanalmilano.com/,,False,https://www.bluescanalmilano.com/menu,ok_no_menu,2026-05-30T20:43:55.019300+00:00
direct_website,osm_2933256401,Casa Giuditta,https://www.casagiudittamilano.it/,Via Carlo Goldoni 86,Milano,45.4694554,9.2220441,bar,,,,,https://www.casagiudittamilano.it/,,False,https://www.casagiudittamilano.it/menu/,ok_no_menu,2026-05-30T20:43:55.019300+00:00
direct_website,osm_2993628023,Armani Privè,http://www.milan.armanihotels.com,Via Alessandro Manzoni 31,Milano,45.4708758,9.1929938,nightclub,,,,,http://www.milan.armanihotels.com,,False,http://www.milan.armanihotels.com,error,2026-05-30T20:43:55.019300+00:00
direct_website,osm_3049190340,Ceresio 7,https://www.ceresio7.com/,Via Ceresio 7,Milano,45.4835174,9.1803112,bar,,,,+39 02 31039221,https://www.ceresio7.com/,Mo-Su 12:30-01:00,False,https://www.ceresio7.com/,ok_no_menu,2026-05-30T20:43:55.019300+00:00
direct_website,osm_3086120710,Tipota Pub,https://www.tipota.net/,Via Francesco Brioschi 32,Milano,45.4452431,9.1806654,pub,,,,+39 02 835 7777,https://www.tipota.net/,18:00-02:00,False,https://www.tipota.net/menu.html,ok_no_menu,2026-05-30T20:43:55.019300+00:00
direct_website,osm_3097574889,Madison Music Hall,http://www.newmadison.it/,Via Giovanni da Udine 28,Milano,45.4975121,9.1377587,nightclub,,,,,http://www.newmadison.it/,,False,http://www.newmadison.it/,error,2026-05-30T20:43:55.019300+00:00
direct_website,osm_3308345146,I Mas!,https://lnx.mas-milano.it/,Ripa di Porta Ticinese 11,Milano,45.4519575,9.176461,bar,,,,,https://lnx.mas-milano.it/,,False,https://lnx.mas-milano.it/menu/,ok_no_menu,2026-05-30T20:43:55.019300+00:00
direct_website,osm_3351978678,Pinch,https://www.pinchmilano.com/,Ripa di Porta Ticinese 63,Milano,45.4507272,9.1706503,bar,,,,,https://www.pinchmilano.com/,,False,https://www.pinchmilano.com/,ok_no_menu,2026-05-30T20:43:55.019300+00:00
direct_website,osm_3433238703,P14 Bicocca,https://pquattordici.weebly.com/,Viale Piero e Alberto Pirelli 14,Milano,45.5155703,9.2116047,bar,,,,+39 02 2111 9189,https://pquattordici.weebly.com/,,False,https://pquattordici.weebly.com/,error,2026-05-30T20:43:55.019300+00:00
direct_website,osm_3442415711,MEZCA,https://www.mezca.it/,Corso Sempione 7,Milano,45.4772035,9.1699589,bar,,,,,https://www.mezca.it/,Mo-Su 18:00-02:00,False,https://mezca.it/#menu,ok_no_menu,2026-05-30T20:43:55.019300+00:00
direct_website,osm_3465411604,Bar Fusina Di Crescente Nicola,https://www.barfusina.it/,Piazza Andrea Fusina 1,Milano,45.4689413,9.2299208,bar,,,,,https://www.barfusina.it/,,False,https://www.barfusina.it/,ok_no_menu,2026-05-30T20:43:55.019300+00:00
direct_website,osm_3578954006,La buttiga beer room,https://www.labuttiga.it/,Via Melchiorre Gioia 194,Milano,45.4975736,9.2086831,pub,,,,,https://www.labuttiga.it/,Mo-Fr 17:00-02:00; Sa-Su 15:00-02:00,False,https://www.labuttiga.it/birre,ok_no_menu,2026-05-30T20:43:55.019300+00:00
direct_website,osm_3753376616,Lambiczoon,https://www.lambiczoon.com,Via Friuli 46,Milano,45.4541198,9.2133409,pub,,,,+39 02 3653 4840,https://www.lambiczoon.com,Mo-Th 18:00-01:00; Fr-Sa 18:00-02:00,False,https://www.lambiczoon.com/menu-lambiczoon-link-special/,ok_no_menu,2026-05-30T20:43:55.019300+00:00
direct_website,osm_3780582104,La Gintoneria di Davide,http://www.gintoneria.it/,Via Comune Antico 25,Milano,45.5045417,9.2088243,bar,,,,+39 392 0397315,http://www.gintoneria.it/,,False,http://www.gintoneria.it/,ok_no_menu,2026-05-30T20:43:55.019300+00:00
direct_website,osm_3931786270,Steven Hill Coffe,https://www.improntabirraia.com/,Via Amatore Sciesa 1,Milano,45.4620419,9.2096837,bar,,,,+39 02 3668 4747,https://www.improntabirraia.com/,Mo-Sa 07:00-19:00; Su 08:00-19:00,False,https://www.improntabirraia.com/,ok_no_menu,2026-05-30T20:43:55.019300+00:00
direct_website,osm_3976155261,150UP,https://150up.com/,Via Medardo Rosso 16,Milano,45.4902529,9.1847278,bar,,,,+39 02 89452576,https://150up.com/,Mo-Sa 09:00-22:30,False,https://150up.com/,ok_no_menu,2026-05-30T20:43:55.019300+00:00
direct_website,osm_4041811953,Sauna Metro club Milano Centrale,https://www.metroclubmilano.it,Via Giovanni Schiaparelli 1,Milano,45.489261,9.2055336,nightclub,,,,+39 02 66719089,https://www.metroclubmilano.it,Mo-Su 12:00-01:30,False,https://www.metroclubmilano.it,error,2026-05-30T20:43:55.019300+00:00
direct_website,osm_4170005103,Porta d'Oro,http://www.portadoroclub.it/,Piazza Armando Diaz 3,Milano,45.4623498,9.1904357,nightclub,,,,+39 02 86998972,http://www.portadoroclub.it/,,False,http://www.portadoroclub.it/,ok_no_menu,2026-05-30T20:43:55.019300+00:00
direct_website,osm_4170005832,Shilling's,https://www.shillings.it/it/shillings,Via Paolo da Cannobio 2,Milano,45.4619518,9.1908857,nightclub,,,,+39 02 8693554,https://www.shillings.it/it/shillings,,False,https://www.shillings.it/it/shillings,error,2026-05-30T20:43:55.019300+00:00
direct_website,osm_4170005990,Venus Night Club,http://www.venusnightclub.it/,Via Gaetano Giardino 1,Milano,45.4626409,9.1894738,nightclub,,,,+39 02 89093816,http://www.venusnightclub.it/,,False,http://www.venusnightclub.it/,error,2026-05-30T20:43:55.019300+00:00
direct_website,osm_4193435493,The wall,https://www.wallmilano.com/club/,Via Plezzo 16,Milano,45.487542,9.2357985,nightclub,,,,,https://www.wallmilano.com/club/,Mo-Fr 11:00-02:00; Sa-Su 09:00-01:00,False,https://www.wallmilano.com/club/,error,2026-05-30T20:43:55.019300+00:00
direct_website,osm_4217061020,The Club,https://www.theclubmilano.it,,Milano,45.4775441,9.1841451,nightclub,,,,+39 02 3653 4005,https://www.theclubmilano.it,,False,https://www.theclubmilano.it,ok_no_menu,2026-05-30T20:43:55.019300+00:00
direct_website,osm_4225439979,Pineta Milano,https://www.pinetamilano.com/,Via Messina 38,Milano,45.4861894,9.1738635,nightclub,,,,,https://www.pinetamilano.com/,,False,https://www.pinetamilano.com/,ok_no_menu,2026-05-30T20:43:55.019300+00:00
direct_website,osm_4240962952,Il Secco,https://www.ilsecco.com/it/,Via Angelo Fumagalli 2,Milano,45.4502902,9.1697096,bar,,,,,https://www.ilsecco.com/it/,,False,https://www.ilsecco.com/it/,error,2026-05-30T20:43:55.019300+00:00
direct_website,osm_4243123595,The White Flag,https://www.thewhiteflag.it/,Via Brembo 7,Milano,45.4446317,9.2105485,pub,,,,+39 340 176 7631,https://www.thewhiteflag.it/,Mo-Su 17:30-02:00,False,https://www.thewhiteflag.it/drinksfood/,ok_no_menu,2026-05-30T20:43:55.019300+00:00
direct_website,osm_4253568794,Bar Bianco,https://www.barbiancomilano.com/,,Milano,45.4743781,9.2016733,bar,,,,,https://www.barbiancomilano.com/,,False,https://www.barbiancomilano.com/,ok_no_menu,2026-05-30T20:43:55.019300+00:00
direct_website,osm_4338037593,Mag Cafè,https://www.farmilygroup.com/locali/mag,Ripa di Porta Ticinese 43,Milano,45.4512973,9.1733671,bar,,,,+39 02 3956 2875,https://www.farmilygroup.com/locali/mag,Mo-Su 07:30-02:00,False,https://www.farmilygroup.com/locali/1930,ok_no_menu,2026-05-30T20:43:55.019300+00:00
direct_website,osm_4443912695,Luca & Andrea,https://www.lucaeandreabar.it/,Alzaia Naviglio Grande 34,Milano,45.4515191,9.1728508,bar,,,,+39 02 58101142,https://www.lucaeandreabar.it/,,False,https://www.lucaeandreabar.it/menu/,ok_no_menu,2026-05-30T20:43:55.019300+00:00
direct_website,osm_4449004403,The Friends,https://www.thefriendspubmilano.it,Via Monte Santo 12,Milano,45.4801903,9.1934014,pub,,,,+39 02 2900 5315,https://www.thefriendspubmilano.it,"Mo-Sa 18:00-02:00, Su 12:00-02:00",False,https://www.thefriendspubmilano.it/le-birre/,ok_no_menu,2026-05-30T20:43:55.019300+00:00
direct_website,osm_4530892695,Qui Arese TechCafé,https://www.quiarese.it,Via Caduti 6,Arese,45.548446,9.0785554,bar,,,,+39 02 7862 6850,https://www.quiarese.it,Tu-Su 07:30-23:00,False,https://www.quiarese.it,ok_no_menu,2026-05-30T20:43:55.019300+00:00
direct_website,osm_4540472790,Bamboobar,https://www.armanihotelmilano.com/it/bar-e-ristorante/armani-bamboo-bar/,Via Alessandro Manzoni 31,Milano,45.4704972,9.1929464,bar,,,,,https://www.armanihotelmilano.com/it/bar-e-ristorante/armani-bamboo-bar/,,False,https://www.armanihotelmilano.com/it/bar-e-ristorante/armani-bamboo-bar/,error,2026-05-30T20:43:55.019300+00:00
direct_website,osm_4608531378,Tom the ordinary market,https://theordinarymarket.com/,Via della Chiusa 1,Milano,45.4568172,9.1842867,bar,,,,,https://theordinarymarket.com/,"Mo-Th 12:00-15:00, 19:00-02:00; Fr 12:00-15:00, 19:00-03:00; Sa 18:30-03:00; Su off",False,https://www.theordinarymarket.it/restaurant/,ok_no_menu,2026-05-30T20:43:55.019300+00:00
direct_website,osm_4609459303,KOKO,https://www.kokomilano.it/,Viale Regina Margherita 20,Milano,45.4608859,9.2071134,bar,,,,,https://www.kokomilano.it/,,False,https://www.kokomilano.it/,error,2026-05-30T20:43:55.019300+00:00
direct_website,osm_4641908025,Ripamonti 130,https://www.ripamonti130.com,,Milano,45.4382422,9.2000786,pub,,,,,https://www.ripamonti130.com,,False,https://www.ripamonti130.com,error,2026-05-30T20:43:55.019300+00:00
direct_website,osm_4663245593,n'ombra de vin,https://www.nombradevin.it/,Via San Marco 2,Milano,45.4734593,9.1879937,bar,,,,+39 02 6599650,https://www.nombradevin.it/,,False,https://www.nombradevin.it/,ok_no_menu,2026-05-30T20:43:55.019300+00:00
direct_website,osm_4708357239,Nik's & Co,https://niksandco.it/,Via Giovanni Schiaparelli 14,Milano,45.4903659,9.2037822,pub,,,,,https://niksandco.it/,Mo-Sa 07:00-02:00,False,https://niksandco.it/,ok_no_menu,2026-05-30T20:43:55.019300+00:00
direct_website,osm_4714128503,Circle,https://circlemilano.com/,Via Enrico Stendhal 36,Milano,45.453296,9.1595801,bar,,,,,https://circlemilano.com/,,False,https://circlemilano.com/cocktail-bar,ok_no_menu,2026-05-30T20:43:55.019300+00:00
direct_website,osm_4770096721,Cape Town Cafe,http://capetowncafe.it,Via Vigevano 3,Milano,45.4527054,9.1756724,pub,,,,+39 02 89403053,http://capetowncafe.it,Mo-Su 18:00-02:00,False,http://capetowncafe.it,ok_no_menu,2026-05-30T20:43:55.019300+00:00
direct_website,osm_4853779986,Bibendum Baladin,https://bibendumenoteca.wixsite.com/site-bibe/gallery,,Milano,45.4715438,9.2145233,biergarten,,,,+39 02 2953 1654,https://bibendumenoteca.wixsite.com/site-bibe/gallery,"Mo-Sa 12:00-15:00,18:00-24:00; Su 18:00-24:00; Mo-Su 00:00-02:00; PH closed",False,https://bibendumenoteca.wixsite.com/site-bibe/menu,ok_no_menu,2026-05-30T20:43:55.019300+00:00
direct_website,osm_4891357722,Vetra,https://vetra.beer/,Corso Luigi Manusardi 3,Milano,45.451678,9.1792744,pub,,,,+390296450794,https://vetra.beer/,,False,https://vetra.beer/,ok_no_menu,2026-05-30T20:43:55.019300+00:00
direct_website,osm_4915608521,Ral8022,https://www.ralmilano.it/ral-cocktail-bar/,Via Corsico 3,Milano,45.4523462,9.1734918,bar,,,,,https://www.ralmilano.it/ral-cocktail-bar/,,False,https://www.ralmilano.it/ral-cocktail-bar/,ok_no_menu,2026-05-30T20:43:55.019300+00:00
direct_website,osm_4949740193,La Birrofila,https://labirrofila.com/,Via privata Sant'Ampellio 14,Milano,45.4382102,9.1845842,pub,,,,+39 02 3672 3336,https://labirrofila.com/,,False,https://labirrofila.com/,error,2026-05-30T20:43:55.019300+00:00
direct_website,osm_4954667207,Happy Cafè,http://www.happycafemilano.it,,Milano,45.4514494,9.1866412,bar,,,,,http://www.happycafemilano.it,,False,http://www.happycafemilano.it,error,2026-05-30T20:43:55.019300+00:00
direct_website,osm_4985229451,Beda House,https://www.bedahouse.it/,Via Gioacchino Murat 2,Milano,45.4965543,9.1922736,pub,,,,+39 02 603282,https://www.bedahouse.it/,19:30-02:00,False,https://www.bedahouse.it/,ok_no_menu,2026-05-30T20:43:55.019300+00:00
direct_website,osm_4998313564,B Cafè,https://www.bfamilygroup.it/cafe-about/,Via San Maurilio 20,Milano,45.4626154,9.1834537,bar,,,,+39 02 89093317,https://www.bfamilygroup.it/cafe-about/,,False,https://www.bfamilygroup.it/cafe-cocktail/,ok_no_menu,2026-05-30T20:43:55.019300+00:00
direct_website,osm_5154117623,Bere Buona Birra,https://www.berebuonabirra.com/,,Milano,45.4480409,9.2052687,pub,,,,+39 02 8739 4371,https://www.berebuonabirra.com/,"We-Fr,Su,Mo 17:00-23:00; Sa 13:00-23:00; Tu off",False,https://www.berebuonabirra.com/,ok_no_menu,2026-05-30T20:43:55.019300+00:00
direct_website,osm_5171428022,Gecko23,https://gecko23.it/,Via Brembo 23,Milano,45.4445252,9.2079801,bar,,,,,https://gecko23.it/,,False,https://gecko23.it/,ok_no_menu,2026-05-30T20:43:55.019300+00:00
direct_website,osm_5176383323,Vista Darsena,https://www.vistadarsena.it/,Viale Gabriele d'Annunzio,Milano,45.4531636,9.1767658,bar,,,,,https://www.vistadarsena.it/,Mo-Fr 10:00-00:00; Sa-Su 10:00-01:00,False,https://www.vistadarsena.it/menu.asp?id=3,ok_no_menu,2026-05-30T20:43:55.019300+00:00
direct_website,osm_5183186489,Eppol Liquors $ Kitchen,https://www.eppolmilano.com/,Via Marcello Malpighi 7,Milano,45.4748734,9.2076783,bar,,,,,https://www.eppolmilano.com/,,False,https://www.eppolmilano.com/,ok_no_menu,2026-05-30T20:43:55.019300+00:00
direct_website,osm_5290174186,Morna,https://www.facebook.com/people/Morna/100032074466214/,Via Tortona 30/A,Milano,45.4527629,9.1663116,bar,,,,+393455895057,https://www.facebook.com/people/Morna/100032074466214/,Mo-Fr 09:00-02:00; Sa 18:00-02:00; Su off,False,https://www.facebook.com/people/Morna/100032074466214/,ok_no_menu,2026-05-30T20:43:55.019300+00:00
direct_website,osm_5336318126,The Gallery Bar,https://thegallerybarmilano.com/,Via Enrico Stendhal 30,Milano,45.4522582,9.1602112,pub,,,,+39 02 84345136,https://thegallerybarmilano.com/,Mo-Sa 18:00-01:00,False,https://thegallerybarmilano.com/,error,2026-05-30T20:43:55.019300+00:00
direct_website,osm_5486359530,Ligh Lime,https://www.limemilano.it/,Via Tullo Massarani 6,Milano,45.4444545,9.2161877,nightclub,,,,+39 348 1082533,https://www.limemilano.it/,,False,https://www.limemilano.it/,ok_no_menu,2026-05-30T20:43:55.019300+00:00
direct_website,osm_5538301816,Brewfist pub,https://www.brewfistpub.it/,Via Ettore Troilo 14,Milano,45.4463549,9.1777191,pub,,,,,https://www.brewfistpub.it/,"Tu-Th,Su 17:00-00:30, Fr,Sa 17:00-02:00; Mo off",False,https://www.brewfistpub.it/wp-content/uploads/2026/05/BREWFISTPUB_Menu-Brunch_A4DEF-1.pdf,ok_no_menu,2026-05-30T20:43:55.019300+00:00
direct_website,osm_5567294347,Wave Cocktail Bar,http://www.wavecocktailbar.it/,Via Edmondo De Amicis 28,Milano,45.4592132,9.1774385,bar,,,,+393803714058,http://www.wavecocktailbar.it/,Su-Mo 18:00-00:00; Tu-Th 18:00-01:00; Fr-Sa 18:00-02:00,False,http://www.wavecocktailbar.it/,ok_no_menu,2026-05-30T20:43:55.019300+00:00
direct_website,osm_5690450190,Pavè - Birra,https://www.pavemilano.com/en/birra/,,Milano,45.4791943,9.2028058,pub,,,,,https://www.pavemilano.com/en/birra/,Mo-Su 17:30-01:30,False,https://www.pavemilano.com/en/birra/,error,2026-05-30T20:43:55.019300+00:00
direct_website,osm_5728779222,Tunnel Club,http://tunnel-milano.it,,Milano,45.4922254,9.209013,nightclub,,,,,http://tunnel-milano.it,,False,http://tunnel-milano.it,ok_no_menu,2026-05-30T20:43:55.019300+00:00
direct_website,osm_5783643554,Basin,https://instagram.com/basinmilano?igshid=YmMyMTA2M2Y=,Via Cenisio 42,Milano,45.4878621,9.1644147,bar,,,,,https://instagram.com/basinmilano?igshid=YmMyMTA2M2Y=,,False,https://instagram.com/basinmilano?igshid=YmMyMTA2M2Y=,ok_no_menu,2026-05-30T20:43:55.019300+00:00
direct_website,osm_5804574808,Twins',https://www.facebook.com/Twinsbar-130518690785205/,,Milano,45.5286082,9.1320468,bar,,,,+393400634261,https://www.facebook.com/Twinsbar-130518690785205/,,False,https://www.facebook.com/Twinsbar-130518690785205/,ok_no_menu,2026-05-30T20:43:55.019300+00:00
direct_website,osm_5846483812,BackDoor43,https://www.farmilygroup.com/locali/backdoor,Ripa di Porta Ticinese 43,Milano,45.4513209,9.1734855,bar,,,,,https://www.farmilygroup.com/locali/backdoor,,False,https://www.farmilygroup.com/locali/1930,ok_no_menu,2026-05-30T20:43:55.019300+00:00
direct_website,osm_5892421069,Ittolittos,https://www.ittolittos.it/,,Milano,45.4405374,9.1460934,pub,,,,+39 02 8138061,https://www.ittolittos.it/,Mo-Su 18:00-02:00,False,https://www.ittolittos.it/,ok_no_menu,2026-05-30T20:43:55.019300+00:00
direct_website,osm_6053139596,Euro Jolly,https://jollybiliardi.it/,Corso Cristoforo Colombo 13,Milano,45.4540456,9.1710753,bar,,,,+39 02 58105075,https://jollybiliardi.it/,Mo-Th 10:00-03:00; Fr-Sa 10:00-04:00; Su 14:00-02:00,False,https://jollybiliardi.it/,ok_no_menu,2026-05-30T20:43:55.019300+00:00
direct_website,osm_6087470974,Extasià,https://www.extasiadiscotopless.com/,Largo Augusto 7,Milano,45.4634962,9.1985178,nightclub,,,,+39 02 76006679,https://www.extasiadiscotopless.com/,,False,https://www.extasiadiscotopless.com/,ok_no_menu,2026-05-30T20:43:55.019300+00:00
direct_website,osm_6148445585,District 272,https://www.district272.com/,Via Padova 272,Milano,45.5075896,9.245293,nightclub,,,,+39 349 690 8519,https://www.district272.com/,,False,https://www.district272.com/,ok_no_menu,2026-05-30T20:43:55.019300+00:00
direct_website,osm_6237867330,Bob Milano,https://www.bobmilano.it/,,Milano,45.4892502,9.189215,bar,,,,,https://www.bobmilano.it/,,False,https://www.bobmilano.it/,ok_no_menu,2026-05-30T20:43:55.019300+00:00
direct_website,osm_6298787243,Cafè Gorille,https://www.cafegorille.it/,Via Gaetano De Castillia 20,Milano,45.4856032,9.1916064,bar,,,,+39 02 6887627,https://www.cafegorille.it/,,False,https://www.cafegorille.it/,error,2026-05-30T20:43:55.019300+00:00
direct_website,osm_6302943485,Iter,https://www.farmilygroup.com/locali/iter,Via Mario Fusetti 1,Milano,45.4511838,9.17444,bar,,,,+39 348 7660636; +39 02 35999589,https://www.farmilygroup.com/locali/iter,,False,https://www.farmilygroup.com/locali/1930,ok_no_menu,2026-05-30T20:43:55.019300+00:00
direct_website,osm_6357751985,Morgante cocktail & soul,https://www.morgantecocktail.com/,Vicolo Lavandai 2a,Milano,45.4522005,9.1749661,bar,,,,+390235940879,https://www.morgantecocktail.com/,Mo-Th 19:00-01:00; Fr-Sa 19:00-02:00; Su off,False,https://www.morgantecocktail.com/menu-drink/,ok_no_menu,2026-05-30T20:43:55.019300+00:00
direct_website,osm_6370709685,Volt Club,https://www.voltclub.it/,Via Molino delle Armi 16,Milano,45.4568891,9.1840788,nightclub,,,,,https://www.voltclub.it/,,False,https://www.voltclub.it/,ok_no_menu,2026-05-30T20:43:55.019300+00:00
direct_website,osm_6449478161,Tucano,http://www.discotucano.it,,Milano,45.4331854,9.2020989,nightclub,,,,,http://www.discotucano.it,,False,http://www.discotucano.it,error,2026-05-30T20:43:55.019300+00:00
direct_website,osm_6687447737,Punta dell'Est,https://idroscalomilano.com,Circonvallazione 19,Segrate,45.4745148,9.2934844,bar,,,,+39 388 186 8575,https://idroscalomilano.com,,False,https://idroscalomilano.com,error,2026-05-30T20:43:55.019300+00:00
direct_website,osm_6726568582,Micrò,https://www.spaziomicro.it/,,Milano,45.4309346,9.1729978,bar,,,,,https://www.spaziomicro.it/,,False,https://www.spaziomicro.it/,error,2026-05-30T20:43:55.019300+00:00
direct_website,osm_6774964446,Circolo Arci Biko,https://www.bikoclub.net/,Via Ettore Ponti 40,Milano,45.4421057,9.1538049,nightclub,,,,,https://www.bikoclub.net/,,False,https://www.bikoclub.net/,ok_no_menu,2026-05-30T20:43:55.019300+00:00
direct_website,osm_6788402885,Colibrì,https://www.colibrimilano.it/,Via Laghetto 9/11,Milano,45.4615176,9.1958152,bar,,,,+393494016961,https://www.colibrimilano.it/,Mo 09:00-22:00; Tu-Fr 09:00-24:00; Sa 16:00-24:00; Su off,False,https://www.colibrimilano.it/,ok_no_menu,2026-05-30T20:43:55.019300+00:00
direct_website,osm_6910530501,Apollo,https://www.apollomilano.com/,Via Giosuè Borsi 9,Milano,45.4473231,9.1747092,nightclub,,,,,https://www.apollomilano.com/,,False,https://www.apollomilano.com/#mobile-menu-toggle,ok_no_menu,2026-05-30T20:43:55.019300+00:00
direct_website,osm_6915202747,Agua Sancta,https://www.aguasancta.it/,,Milano,45.4791336,9.185904,bar,,,,+39 02 36550 489,https://www.aguasancta.it/,"Tu 12:00-24:00; We-Sa 00:00-02:00,12:00-24:00; Su 00:00-02:00, 18:00-24:00; Mo 00:00-02:00",False,https://www.aguasancta.it/,error,2026-05-30T20:43:55.019300+00:00
direct_website,osm_6918625411,Milano Cafè,https://www.milanocafe.it,Via Giulio Cesare Procaccini 37,Milano,45.4830584,9.1699456,bar,,,,+39 02 33 14 667,https://www.milanocafe.it,Tu-Su 18:30-02:00,False,https://www.milanocafe.it,ok_no_menu,2026-05-30T20:43:55.019300+00:00
direct_website,osm_6919857026,Gipsy,https://gipsy.fun/,,Milano,45.4795351,9.2375744,bar,,,,,https://gipsy.fun/,Tu-Fr 09:00-02:30; Mo 11:00-19:00; Sa 10:00-02:30; Su 18:00-02:00,False,https://gipsy.fun/,ok_no_menu,2026-05-30T20:43:55.019300+00:00
direct_website,osm_7027043785,UGO,https://www.ugobar.it/,Via Corsico 12,Milano,45.4517532,9.1735891,bar,,,,,https://www.ugobar.it/,,False,https://www.ugobar.it/menu/,ok_no_menu,2026-05-30T20:43:55.019300+00:00
direct_website,osm_7126823730,Big Store de Milàn,https://www.facebook.com/pages/Big-Store-De-Milan/1823761261247304,Via Conca del Naviglio 10,Milano,45.4576569,9.1772517,bar,,,,+390282874614,https://www.facebook.com/pages/Big-Store-De-Milan/1823761261247304,Mo-Su 08:00-00:00,False,https://www.facebook.com/pages/Big-Store-De-Milan/1823761261247304,ok_no_menu,2026-05-30T20:43:55.019300+00:00
direct_website,osm_7243592661,Marco's,https://marco-s.it/,Via San Vittore 6,Milano,45.4627078,9.1727605,bar,,,,,https://marco-s.it/,Mo-Su 06:00-20:00,False,https://marco-s.it/,error,2026-05-30T20:43:55.019300+00:00
direct_website,osm_7953838530,Terrazza Duomo 21,https://terrazzaduomo21.it,Piazza del Duomo 21,Milano,45.4649047,9.189589,bar,,,,+39 02 4776 2548,https://terrazzaduomo21.it,,False,https://terrazzaduomo21.it,ok_no_menu,2026-05-30T20:43:55.019300+00:00
direct_website,osm_8669591011,Winelivery Bar Navigli,https://www.winelivery.com/it,Via Casale 3a,Milano,45.4520536,9.1704266,bar,,,,+39 02 3858 3592,https://www.winelivery.com/it,,False,https://www.winelivery.com/it/prodotti?category=drink,ok_no_menu,2026-05-30T20:43:55.019300+00:00
direct_website,osm_9041317710,Babila Bistro,https://www.babilahostel.it,Via Conservatorio 2a,Milano,45.4641289,9.2033678,bar,,,,,https://www.babilahostel.it,,False,https://www.babilahostel.it,ok_no_menu,2026-05-30T20:43:55.019300+00:00
direct_website,osm_9253921240,10gradinord,https://www.10gradinord.com/,Via Giacomo Watt 5,Milano,45.4439583,9.1543603,pub,,,,+39 3519088121,https://www.10gradinord.com/,Tu-Su 18:00-24:00,False,https://www.10gradinord.com/menu-settimanale/birre/,ok_no_menu,2026-05-30T20:43:55.019300+00:00
direct_website,osm_9286197152,Spiller,https://www.spillerbirrerie.it/it/,Via Andrea Solari 6,Milano,45.4560565,9.1648287,pub,,,,+390209960506,https://www.spillerbirrerie.it/it/,,False,https://spillerbirrerie.it/menu/,ok_no_menu,2026-05-30T20:43:55.019300+00:00
direct_website,osm_9334267017,Let’s Feel Good,https://www.letsfeelgood.it/,,Milano,45.4620378,9.148954,bar,,,,,https://www.letsfeelgood.it/,,False,https://www.letsfeelgood.it/il-menu/,ok_no_menu,2026-05-30T20:43:55.019300+00:00
direct_website,osm_9379505885,Carico,https://www.carico.io/,Via Savona 1,Milano,45.4561022,9.1701578,bar,,,,,https://www.carico.io/,Mo 19:00-02:00; Tu off; We-Sa 19:00-02:00; Su 18:00-01:00,False,https://carico.io,ok_no_menu,2026-05-30T20:43:55.019300+00:00
direct_website,osm_9411256161,Chiosco Pomé,https://chioscopome.com/,,Milano,45.5307257,9.0437966,bar,,,,,https://chioscopome.com/,,False,https://chioscopome.com/,error,2026-05-30T20:43:55.019300+00:00
direct_website,osm_9415211250,Frau,https://barlorenfrau.eatbu.com/,,Milano,45.4471707,9.1273921,bar,,,,,https://barlorenfrau.eatbu.com/,,False,https://barlorenfrau.eatbu.com/,ok_no_menu,2026-05-30T20:43:55.019300+00:00
direct_website,osm_9465886241,Smmak Navigli,https://smmak-navigli.business.site/,,Milano,45.4493334,9.1776341,bar,,,,,https://smmak-navigli.business.site/,,False,https://smmak-navigli.business.site/,error,2026-05-30T20:43:55.019300+00:00
direct_website,osm_9466149450,Cobà,https://cobamilano.it/,,Milano,45.4484211,9.1773978,pub,,,,,https://cobamilano.it/,,False,https://cobamilano.it/,ok_no_menu,2026-05-30T20:43:55.019300+00:00
direct_website,osm_9628256312,Birrificio di Ringhiera,https://birrificiodiringhiera.com/,Via Rogoredo,Milano,45.4257998,9.2517736,pub,,,,+39 02 80898575,https://birrificiodiringhiera.com/,,False,https://birrificiodiringhiera.com/,ok_no_menu,2026-05-30T20:43:55.019300+00:00
direct_website,osm_9757234863,Natura In Bistrò,https://www.facebook.com/NaturainBistro/,Via Paolo Giovio 28,Milano,45.4625804,9.1618875,bar,,,,+390209959456,https://www.facebook.com/NaturainBistro/,,False,https://www.facebook.com/NaturainBistro/,ok_no_menu,2026-05-30T20:43:55.019300+00:00
direct_website,osm_9759681918,Rhop,https://www.rhop.it/,Corso Europa 142,Rho,45.5282176,9.0466645,pub,,,,+39 375 551 19 46,https://www.rhop.it/,17:30-00:30,True,https://www.rhop.it/menu/,ok_with_menu,2026-05-30T20:43:55.019300+00:00
direct_website,osm_9888148629,Terrazza Martini,https://www.martini.com/terrazza-martini/,Piazza Armando Diaz 7,Milano,45.4618633,9.1899962,bar,,,,,https://www.martini.com/terrazza-martini/,,False,https://www.martini.com/newlook/,ok_no_menu,2026-05-30T20:43:55.019300+00:00
direct_website,osm_9900533217,Norah was drunk,https://norah-was-drunk.mailchimpsites.com/,Piazza Pietro Gobetti 169,Milano,45.4862099,9.2332043,bar,,,,+39 02 8342 8246,https://norah-was-drunk.mailchimpsites.com/,Tu-Su 19:00-02:00,False,https://norah-was-drunk.mailchimpsites.com/,error,2026-05-30T20:43:55.019300+00:00
direct_website,osm_9962701124,Bobino,https://bobino.it/,Piazzale Stazione Genova 4,Milano,45.4536005,9.1698498,bar,,,,+393714085303,https://bobino.it/,Mo off; Tu-Su 18:00-03:00,False,https://bobino.it/,error,2026-05-30T20:43:55.019300+00:00
direct_website,osm_10035801726,Mathilda Cafe,https://mathildacafe.eatbu.com,Via Cenisio 10,Milano,45.488006,9.170636,bar,,,,+39 02 3310 5683,https://mathildacafe.eatbu.com,,False,https://mathildacafe.eatbu.com,ok_no_menu,2026-05-30T20:43:55.019300+00:00
direct_website,osm_10049891804,Ugo Cocktail Bar,https://www.ugobar.it/,Via Corsico 12,Milano,45.4519214,9.1735202,bar,,,,+39 02 39811557,https://www.ugobar.it/,,False,https://www.ugobar.it/menu/,ok_no_menu,2026-05-30T20:43:55.019300+00:00
direct_website,osm_10220153085,Enoteca naturale,https://enotecanaturale.it/,Via Santa Croce 19,Milano,45.4533988,9.1819841,bar,,,,+39 335 8020382,https://enotecanaturale.it/,Mo-Fr 17:30-23:00; Sa-Su 12:30-23:00,False,https://enotecanaturale.it/,ok_no_menu,2026-05-30T20:43:55.019300+00:00
direct_website,osm_10250780208,Mag La Pusterla,https://farmily.webflow.io/locali/mag-pusterla,Via Edmondo De Amicis 22,Milano,45.4587058,9.1782911,bar,,,,+390249755094,https://farmily.webflow.io/locali/mag-pusterla,,False,https://farmily.webflow.io/locali/1930,ok_no_menu,2026-05-30T20:43:55.019300+00:00
direct_website,osm_10257691780,Scott Joplin,http://scottjoplin.it/,Via Val di Ledro 11,Milano,45.5160674,9.1886642,pub,,,,+39 339 3769284,http://scottjoplin.it/,,False,http://scottjoplin.it//scottjoplin.it/menu,ok_no_menu,2026-05-30T20:43:55.019300+00:00
direct_website,osm_10692066207,Harris Bar,https://www.harrisbarmilano.it/,Via Andrea Solari 50,Milano,45.4538592,9.1580855,bar,,,,+390242290276,https://www.harrisbarmilano.it/,,False,https://www.harrisbarmilano.it/pub-navigli-milano-cocktails-bar-aperitivo-happy-hour-birreria-paninoteca-panini-calcio-sky-dazn-solari-menu/,ok_no_menu,2026-05-30T20:43:55.019300+00:00
direct_website,osm_10757256980,Anarres,https://www.anarres.it/,Via Pietro Crespi 11,Milano,45.4930125,9.2207644,bar,,,,+39 340 687 0353; +39 02 0994 2972,https://www.anarres.it/,"Mo-Fr 17:00-24:00, Sa,Su 10:00-24:00",False,https://www.anarres.it/,error,2026-05-30T20:43:55.019300+00:00
direct_website,osm_10781209907,The Dome,https://www.thedomemilano.com/,Via Giuseppe Mazzini 2,Milano,45.4634964,9.1883863,bar,,,,,https://www.thedomemilano.com/,,False,https://thedomemilano.com/menu/,ok_no_menu,2026-05-30T20:43:55.019300+00:00
direct_website,osm_10875983763,Il Sesto Regno,https://www.ilsestoregno.it/,Via Giuseppe Mazzini 33,Milano,45.5378772,9.2447089,pub,,,,,https://www.ilsestoregno.it/,,False,https://www.ilsestoregno.it/,ok_no_menu,2026-05-30T20:43:55.019300+00:00
direct_website,osm_11232198302,Bar Taita,https://bartaita.eatbu.com/,Largo Oreste Murani 2,Milano,45.4729189,9.2351923,bar,,,,+39 338 692 3799,https://bartaita.eatbu.com/,Mo-Fr 06:00-19:30; Sa 06:00-14:30,False,https://bartaita.eatbu.com/,ok_no_menu,2026-05-30T20:43:55.019300+00:00
direct_website,osm_11278966347,Petazzi 7,https://petazzi-7.eatbu.com/,Piazza Luigi Petazzi 7,Milano,45.5360232,9.2381648,bar,,,,+39 392 487 4167,https://petazzi-7.eatbu.com/,,False,https://petazzi-7.eatbu.com/,ok_no_menu,2026-05-30T20:43:55.019300+00:00
direct_website,osm_11392165491,Lumen,https://lumen20099.it/,Via Dante Alighieri 130,Milano,45.5375658,9.2379544,bar,,,,+39 349 251 3975,https://lumen20099.it/,18:00-24:00,False,https://lumen20099.it/,error,2026-05-30T20:43:55.019300+00:00
direct_website,osm_11466745399,Ligera,https://www.ligeramilano.it/,,Milano,45.4982575,9.23255,pub,,,,,https://www.ligeramilano.it/,,False,https://www.ligeramilano.it/,ok_no_menu,2026-05-30T20:43:55.019300+00:00
direct_website,osm_11776284205,Bierfabrik,http://www.bierfabrik.it/,,Milano,45.4802582,9.2125233,pub,,,,,http://www.bierfabrik.it/,"Mo-Th 17:30-01:00; Fr, Sa 17:30-02:00; Su 17:30-00:00",False,http://www.bierfabrik.it/,ok_no_menu,2026-05-30T20:43:55.019300+00:00
direct_website,osm_11879389710,The Roof Milano Bar & Restaurant,https://www.deicavaliericollection.com/en/the-roof/index,,Milano,45.4608254,9.1886983,bar,,,,+39 02 88 57 900,https://www.deicavaliericollection.com/en/the-roof/index,,False,https://www.canva.com/design/DAGcXiK7yDM/1QqFLa_bp54P8OB2Yc-Aww/view?utm_content=DAGcXiK7yDM&utm_campaign=designshare&utm_medium=link2&utm_source=uniquelinks&utlId=he0c76a2c00,ok_no_menu,2026-05-30T20:43:55.019300+00:00
direct_website,osm_11933928501,Larga 8,https://www.larga8.com/,Via Giuseppe Meda 29,Milano,45.4424407,9.1790624,pub,,,,,https://www.larga8.com/,,False,https://www.larga8.com/,error,2026-05-30T20:43:55.019300+00:00
direct_website,osm_12040266987,La Buttiga Franco's Room,https://www.labuttiga.it,,Milano,45.4483611,9.1867107,pub,,,,+39 351 695 2833,https://www.labuttiga.it,,False,https://www.labuttiga.it/birre,ok_no_menu,2026-05-30T20:43:55.019300+00:00
direct_website,osm_12072440574,Magazzini Generali,https://www.magazzinigenerali.org/,Via Pietrasanta 16,Milano,45.4440969,9.1952615,nightclub,,,,+39025393948,https://www.magazzinigenerali.org/,,False,https://www.magazzinigenerali.org/menu/,ok_no_menu,2026-05-30T20:43:55.019300+00:00
direct_website,osm_12138549985,Daisy American Garden,https://www.instagram.com/daisyamericangarden/,Ripa di Porta Ticinese 79,Milano,45.449848,9.1678077,bar,,,,,https://www.instagram.com/daisyamericangarden/,,False,https://www.instagram.com/daisyamericangarden/,ok_no_menu,2026-05-30T20:43:55.019300+00:00
direct_website,osm_12301625501,Villa Occupata,https://puntello.org/place/Villa%20Vegan%20Occupata,Via Alessandro Litta Modignani 66,Milano,45.5225712,9.157401,pub,,,,,https://puntello.org/place/Villa%20Vegan%20Occupata,Tu 14:00-19:00; We 21:00-00:00,False,https://puntello.org/place/Villa%20Vegan%20Occupata,ok_no_menu,2026-05-30T20:43:55.019300+00:00
direct_website,osm_12312606584,Lido Liquor Bar,https://lidoliquorbar.it/,Piazzale Antonio Cantore 4n06,Milano,45.4565347,9.1732402,bar,,,,,https://lidoliquorbar.it/,Mo-Th 17:00-01:00; Fr-Sa 17:00-03:00; Su 17:00-00:00,False,https://lidoliquorbar.it/,ok_no_menu,2026-05-30T20:43:55.019300+00:00
direct_website,osm_12348772101,Ultramarino,https://www.instagram.com/ultramarino.bar/,Via Lambro 9,Milano,45.4742659,9.2093524,bar,,,,,https://www.instagram.com/ultramarino.bar/,Tu-Su 18:00-00:00,False,https://www.instagram.com/ultramarino.bar/,ok_no_menu,2026-05-30T20:43:55.019300+00:00
direct_website,osm_12392583731,DRK Milano,https://dkrmilano.it/,Via Merano 18,Milano,45.4973537,9.2221363,nightclub,,,,,https://dkrmilano.it/,,False,https://dkrmilano.it/,ok_no_menu,2026-05-30T20:43:55.019300+00:00
direct_website,osm_12473545247,Incipit23 Bistrot Letterario,https://bistrot.incipit23.it/,Via Casoretto 42,Milano,45.488913,9.2293324,bar,,,,+393783029659,https://bistrot.incipit23.it/,,False,https://bistrot.incipit23.it/,error,2026-05-30T20:43:55.019300+00:00
direct_website,osm_12473622404,Pizza And Food,https://www.pizzaandfoodmilano.it/,Via Monfalcone 32,Milano,45.4952099,9.2375734,pub,,,,+390228900440,https://www.pizzaandfoodmilano.it/,,False,https://www.pizzaandfoodmilano.it/menu,ok_no_menu,2026-05-30T20:43:55.019300+00:00
direct_website,osm_12561025805,The Ghost Pub,https://ghostpub.it/,Piazzale Carlo Maciachini 10,Milano,45.4984974,9.1863419,pub,,,,+39 02 6887874,https://ghostpub.it/,"Mo-Th 12:00-15:00,18:00-25:30; 12:00-15:00,18:00-26:00; Sa 19:00-26:00; Su 19:00-25:00",False,https://ghostpub.it/menu/,ok_no_menu,2026-05-30T20:43:55.019300+00:00
direct_website,osm_12797459059,The Beach Milano,https://www.thebeachmilano.it/,Via Arcangelo Corelli 62,Milano,45.4704916,9.2552073,nightclub,,,,+39 02 9455 7574,https://www.thebeachmilano.it/,,False,https://www.thebeachmilano.it/,ok_no_menu,2026-05-30T20:43:55.019300+00:00
direct_website,osm_12797464515,Alcatraz,https://alcatrazmilano.it/,Via Valtellina 25,Milano,45.4944955,9.1826273,nightclub,,,,+39 02 69016352,https://alcatrazmilano.it/,,False,https://alcatrazmilano.it/,ok_no_menu,2026-05-30T20:43:55.019300+00:00
direct_website,osm_12871171234,Funky,https://funky.eatbu.com/,Ripa di Porta Ticinese 33,Milano,45.4515584,9.1745153,bar,,,,,https://funky.eatbu.com/,,False,https://cdn.website.dish.co/media/f3/b2/9663569/Funky-The-Menu.pdf,ok_no_menu,2026-05-30T20:43:55.019300+00:00
direct_website,osm_12875290990,Bar Arca,https://www.arcamilano.eu/,Via Rimini 38,Milano,45.4410993,9.1690891,bar,,,,,https://www.arcamilano.eu/,"Mo-Fr 08:00-15:00, Sa 18:00-24:00, Su 16:00-24:00",False,https://www.arcamilano.eu/menu,ok_no_menu,2026-05-30T20:43:55.019300+00:00
direct_website,osm_12887349839,Piano Zero,https://www.piano-zero.com/,Viale Giovanni Suzzani 96/98,Milano,45.5135756,9.2031693,bar,,,,,https://www.piano-zero.com/,,False,https://www.piano-zero.com/,ok_no_menu,2026-05-30T20:43:55.019300+00:00
direct_website,osm_12895664961,8 Malpighi,https://malpighi8.it/,Via Marcello Malpighi 8,Milano,45.4745918,9.2076341,bar,,,,+39 338 437 2574,https://malpighi8.it/,"Fr 00:00-03:00,07:00-17:00,18:00-24:00; Sa 00:00-01:00,07:00-24:00; Su 00:00-03:00,09:00-24:00; Mo 00:00-01:00,07:00-24:00; Tu-Th 00:00-03:00,07:00-24:00",False,https://malpighi8.it/cocktail-bar-a-milano/,ok_no_menu,2026-05-30T20:43:55.019300+00:00
direct_website,osm_12898930855,The View Milano,https://theviewmilano.it/,Piazza del Duomo 21,Milano,45.4649289,9.1895928,bar,,,,+39 02 35991937,https://theviewmilano.it/,,False,https://theviewmilano.it/,error,2026-05-30T20:43:55.019300+00:00
direct_website,osm_13001337602,Camparino in Galleria,https://www.camparino.com/,Galleria Vittorio Emanuele Secondo 1n02,Milano,45.4649201,9.1898776,bar,,,,+39 02 86464435,https://www.camparino.com/,,False,https://www.camparino.com/our-menu/,ok_no_menu,2026-05-30T20:43:55.019300+00:00
direct_website,osm_13091038735,Porter House Milano,https://www.porterhousemilano.it/,,Milano,45.4449092,9.1948294,pub,,,,+39 02 5523 0797,https://www.porterhousemilano.it/,,False,https://www.porterhousemilano.it/home/menu/,ok_no_menu,2026-05-30T20:43:55.019300+00:00
direct_website,osm_13357512351,Wave Cocktail Bar,http://wavecocktailbar.it/,Via Edmondo De Amicis 28,Milano,45.4593337,9.1772421,bar,,,,+393803714058,http://wavecocktailbar.it/,,False,http://wavecocktailbar.it/,ok_no_menu,2026-05-30T20:43:55.019300+00:00
direct_website,osm_13381827013,The Walrus Pub,https://thewalruspub.it/,Via Vigevano 33,Milano,45.4529821,9.1721249,pub,,,,,https://thewalruspub.it/,,False,https://thewalruspub.it/drink-list-walrus-pub-birrificio/,ok_no_menu,2026-05-30T20:43:55.019300+00:00
direct_website,osm_13447831809,Baratie,https://baratie.it/,Via Enrico Stendhal 49,Milano,45.4551636,9.1579888,bar,,,,,https://baratie.it/,,False,https://baratie.it/it/menu,ok_no_menu,2026-05-30T20:43:55.019300+00:00
direct_website,osm_13538577001,Buttiga,https://www.labuttiga.it,Viale Isonzo 10,Milano,45.4471517,9.2077189,pub,,,,,https://www.labuttiga.it,Sa-Su 18:00-01:00; Mo-Fr 12:00-01:00,False,https://www.labuttiga.it/birre,ok_no_menu,2026-05-30T20:43:55.019300+00:00
direct_website,osm_13543749848,Offside Sports Pub,https://www.offsidesportspub.it/,Via Losanna 46,Milano,45.4871547,9.1658013,pub,,,,,https://www.offsidesportspub.it/,18:00-02:00,False,https://www.offsidesportspub.it/le-birre,ok_no_menu,2026-05-30T20:43:55.019300+00:00
direct_website,osm_13566623901,Attimi Bar & Gelateria,https://www.cooperativaisemprevivi.it/,Piazza Riccardo Wagner 2,Milano,45.4688791,9.1563263,bar,,,,+393292183263,https://www.cooperativaisemprevivi.it/,"Mo-Fr 08:00-21:00; Sa 09:00-13:00, 15:00-21:00; Su 09:00-21:00",False,https://www.cooperativaisemprevivi.it/,error,2026-05-30T20:43:55.019300+00:00
direct_website,osm_13639424103,Myst,https://www.mystmilano.it/,,Milano,45.4839246,9.2345802,pub,,,,,https://www.mystmilano.it/,"Fr,Sa 17:00-01:00, Mo-Th 17:00-01:00; Su off",False,https://www.mystmilano.it/,ok_no_menu,2026-05-30T20:43:55.019300+00:00
direct_website,osm_13641886702,Alchimia,https://www.alchimia-milano.com/,Via Francesco Brioschi 17,Milano,45.4460146,9.1807482,bar,,,,,https://www.alchimia-milano.com/,,False,https://www.alchimia-milano.com/menu,ok_no_menu,2026-05-30T20:43:55.019300+00:00
direct_website,osm_13655717569,Church81,https://www.church81.it/,Via della Chiesa Rossa 81,Milano,45.4286006,9.1712448,bar,,,,,https://www.church81.it/,,False,https://www.church81.it/,ok_no_menu,2026-05-30T20:43:55.019300+00:00
direct_website,osm_181681991,Labriola,http://cooperativalabriola.wix.com/briola-new#!chi-siamo,,Milano,45.4988707,9.101908,bar,,,,,http://cooperativalabriola.wix.com/briola-new#!chi-siamo,,False,http://cooperativalabriola.wix.com/briola-new#!chi-siamo,error,2026-05-30T20:43:55.019300+00:00
direct_website,osm_289574333,Sun Strac,https://sunstrac.it/,,Milano,45.4650897,9.2645554,bar,,,,,https://sunstrac.it/,,False,https://sunstrac.it/,error,2026-05-30T20:43:55.019300+00:00
direct_website,osm_342789165,Cascina Martesana,https://www.cascinamartesana.com/,,Milano,45.5034198,9.2292443,pub,,,,+39 389 5820695,https://www.cascinamartesana.com/,"Aug: Mo-Fr 18:00-01:00, Aug: Sa,Su 11:00-01:00",False,https://www.cascinamartesana.com/,ok_no_menu,2026-05-30T20:43:55.019300+00:00
direct_website,osm_410745325,La Chiesetta,https://www.lachiesetta.it/,,Milano,45.4816985,9.1728365,pub,,,,+39 339 7969095,https://www.lachiesetta.it/,Mo-Sa 18:00-02:00,False,https://www.lachiesetta.it/,ok_no_menu,2026-05-30T20:43:55.019300+00:00
direct_website,osm_496611170,Birrificio La Ribalta,https://www.birrificiolaribalta.com/,,Milano,45.5069709,9.1731961,pub,,,,+39 348 524 9651,https://www.birrificiolaribalta.com/,,False,https://birrificiolaribalta.com/le-birre/,ok_no_menu,2026-05-30T20:43:55.019300+00:00
direct_website,osm_548593534,Old Fashion,https://oldfashion.it/,Viale Luigi Camoens,Milano,45.4728525,9.1736435,nightclub,,,,,https://oldfashion.it/,,False,https://oldfashion.it/,error,2026-05-30T20:43:55.019300+00:00
direct_website,osm_818039695,Il Bar del Centro Parco,https://ilbardelcentroparco.it/,Via San Rocco,Segrate,45.4903964,9.2875982,bar,,,,,https://ilbardelcentroparco.it/,,False,https://ilbardelcentroparco.it/menu/,ok_no_menu,2026-05-30T20:43:55.019300+00:00
