source_platform,source_venue_id,venue_name,venue_url,address,city,latitude,longitude,categories,price_tier,rating,rating_count,phone,website,opening_hours,has_menu,menu_url,extraction_status,retrieved_at
menudigitale,www.menudigitale.io/dgffh/,Mantra Milano,https://www.menudigitale.io/dgffh/?lang=it,,,,,,,,,,,,True,https://www.menudigitale.io/dgffh/?lang=it,filtered_out,2026-05-31T09:36:33Z
menudigitale,www.menudigitale.io/ristorantemamaliga/,RISTORANTE MAMALIGA,https://www.menudigitale.io/ristorantemamaliga/?lang=it,,,,,,,,,,,,True,https://www.menudigitale.io/ristorantemamaliga/?lang=it,filtered_out,2026-05-31T09:36:33Z
menudigitale,www.menudigitale.io/pfhug/,Da Totó Pizzeria,https://www.menudigitale.io/pfhug/?lang=it,,,,,,,,,,,,True,https://www.menudigitale.io/pfhug/?lang=it,filtered_out,2026-05-31T09:36:33Z
menudigitale,www.menudigitale.io/sgzpq/,E' TUTTA N'ATA STORIA,https://www.menudigitale.io/sgzpq/?lang=it,,,,,,,,,,,,True,https://www.menudigitale.io/sgzpq/?lang=it,filtered_out,2026-05-31T09:36:33Z
menudigitale,www.menudigitale.io/shepv,Binario 1,https://www.menudigitale.io/shepv,28 - La Piazza (A Chiazz),,,,,,,,,,,True,https://www.menudigitale.io/shepv,filtered_out,2026-05-31T09:36:33Z
menudigitale,www.menudigitale.io/gcupg/,The Good Wine,https://www.menudigitale.io/gcupg/?lang=it,,,,,,,,,,,,True,https://www.menudigitale.io/gcupg/?lang=it,filtered_out,2026-05-31T09:36:33Z
menudigitale,www.menudigitale.io/zmykg,THANK'S,https://www.menudigitale.io/zmykg,,,,,,,,,,,,True,https://www.menudigitale.io/zmykg,filtered_out,2026-05-31T09:36:33Z
menudigitale,www.menudigitale.io/vapbm,La Cucina del Beccari,https://www.menudigitale.io/vapbm,,,,,,,,,,,,True,https://www.menudigitale.io/vapbm,filtered_out,2026-05-31T09:36:33Z
menudigitale,www.menudigitale.io/mkafg/,Il Pizzicante,https://www.menudigitale.io/mkafg/?lang=it,,,,,,,,,,,,True,https://www.menudigitale.io/mkafg/?lang=it,filtered_out,2026-05-31T09:36:33Z
menudigitale,www.menudigitale.io/dsxvd,Radici Cocktails & Beer,https://www.menudigitale.io/dsxvd,,,,,,,,,,,,True,https://www.menudigitale.io/dsxvd,filtered_out,2026-05-31T09:36:33Z
menudigitale,www.menudigitale.io/ristorante-bar-pizzeria-gelateria,RISTORANTINO ITALIANO,https://www.menudigitale.io/ristorante-bar-pizzeria-gelateria/,"Viale Bernini, 3 47843 Misano Adriatico (Rn)",,,,,,,,,,,True,https://www.menudigitale.io/ristorante-bar-pizzeria-gelateria/,filtered_out,2026-05-31T09:36:33Z
menudigitale,www.menudigitale.io/xfcpv,Bar e Pizzeria,https://www.menudigitale.io/xfcpv,,,,,,,,,,,,True,https://www.menudigitale.io/xfcpv,filtered_out,2026-05-31T09:36:33Z
menudigitale,www.menudigitale.io/fwzua,Caffè Centrale,https://www.menudigitale.io/fwzua/,,,,,,,,,,,,True,https://www.menudigitale.io/fwzua/,filtered_out,2026-05-31T09:36:33Z
menudigitale,www.menudigitale.io/xapsv,LA BOTTEGA DEI VIZIATI,https://www.menudigitale.io/xapsv,"Corso Roma, 28, 03036 Isola del Liri FR, Italia",,,,,,,,,,,True,https://www.menudigitale.io/xapsv,filtered_out,2026-05-31T09:36:33Z
menudigitale,www.menudigitale.io/dzcat,Cafè | Leggi il Menu Digitale di Morandi Cafè,https://www.menudigitale.io/dzcat/,Via Emilia 137 Cadeo 29010 PC,,,,,,,,,,,True,https://www.menudigitale.io/dzcat/,filtered_out,2026-05-31T09:36:33Z
menudigitale,www.menudigitale.io/drcub,DIMORA SOVRANA,https://www.menudigitale.io/drcub/,,,,,,,,,,,,True,https://www.menudigitale.io/drcub/,filtered_out,2026-05-31T09:40:52Z
menudigitale,www.menudigitale.io/uuqpx,Mascolo,https://www.menudigitale.io/uuqpx/,,,,,,,,,,,,True,https://www.menudigitale.io/uuqpx/,filtered_out,2026-05-31T09:40:52Z
menudigitale,www.menudigitale.io/smhum,Corner,https://www.menudigitale.io/smhum,"Via Guido Cavalcanti, 2, 20125 Milano MI, Italia",Milano,45.4827,9.1862,,,,,,,,True,https://www.menudigitale.io/smhum,ok,2026-05-31T09:40:52Z
menudigitale,www.menudigitale.io/ristorante-dk33,Dk33,https://www.menudigitale.io/ristorante-dk33/,Via Nomentana 333,,,,,,,,,,,True,https://www.menudigitale.io/ristorante-dk33/,filtered_out,2026-05-31T09:40:52Z
menudigitale,www.menudigitale.io/kbhnp,Lounge | Leggi il Menu Digitale di Garibaldi Lounge,https://www.menudigitale.io/kbhnp/,,,,,,,,,,,,True,https://www.menudigitale.io/kbhnp/,filtered_out,2026-05-31T09:40:52Z
menudigitale,www.menudigitale.io/salotto23,Salotto 23,https://www.menudigitale.io/salotto23/,Via starza 4,,,,,,,,,,,True,https://www.menudigitale.io/salotto23/,filtered_out,2026-05-31T09:40:52Z
menudigitale,www.menudigitale.io/tyasv,OxTop21,https://www.menudigitale.io/tyasv/,,,,,,,,,,,,True,https://www.menudigitale.io/tyasv/,filtered_out,2026-05-31T09:40:52Z
menudigitale,www.menudigitale.io/qeewb,creed drink e food,https://www.menudigitale.io/qeewb/,,,,,,,,,,,,True,https://www.menudigitale.io/qeewb/,filtered_out,2026-05-31T09:40:52Z
menudigitale,www.menudigitale.io/minimaoji,MENUDUGITALE 404,https://www.menudigitale.io/minimaoji/,,,,,,,,,,,,False,https://www.menudigitale.io/minimaoji/,filtered_out,2026-05-31T09:40:52Z
menudigitale,www.menudigitale.io/uesgx,I Parrucciani,https://www.menudigitale.io/uesgx,"Via John Fitzgerald Kennedy, 149, 90040 Capaci PA, Italia",,,,,,,,,,,True,https://www.menudigitale.io/uesgx,filtered_out,2026-05-31T09:40:52Z
menudigitale,www.menudigitale.io/enjoypub,Enjoy,https://www.menudigitale.io/enjoypub/,"VIA SCALEA, 4",,,,,,,,,,,True,https://www.menudigitale.io/enjoypub/,filtered_out,2026-05-31T09:40:52Z
menudigitale,www.menudigitale.io/ksree,FUCINA 210,https://www.menudigitale.io/ksree,"Via Copernico, 2 35013 Cittadella (PD)",,,,,,,,,,,True,https://www.menudigitale.io/ksree,filtered_out,2026-05-31T09:40:52Z
menudigitale,www.menudigitale.io/anshc,Double,https://www.menudigitale.io/anshc/,,,,,,,,,,,,True,https://www.menudigitale.io/anshc/,filtered_out,2026-05-31T09:40:52Z
menudigitale,www.menudigitale.io/mulberry-sandonatomil-ristopub,"Mulberry st, San Donato",https://www.menudigitale.io/mulberry-sandonatomil-ristopub/,Via Alfonsine 40 a San Donato Milanese,Milano,45.4008,9.2669,,,,,,,,True,https://www.menudigitale.io/mulberry-sandonatomil-ristopub/,ok,2026-05-31T09:40:52Z
menudigitale,www.menudigitale.io/qcwsx,Brasita's Milano,https://www.menudigitale.io/qcwsx/,Via Gallarate 40,,,,,,,,,,,True,https://www.menudigitale.io/qcwsx/,filtered_out,2026-05-31T09:40:52Z
menudigitale,www.menudigitale.io/dsbfm,Pizza&Pasta,https://www.menudigitale.io/dsbfm/,Via transito 55 Catania. Tel 095-09.20.266,,,,,,,,,,,True,https://www.menudigitale.io/dsbfm/,filtered_out,2026-05-31T09:40:53Z
menudigitale,www.menudigitale.io/enotecapalombi1917,Oasi Della Birra,https://www.menudigitale.io/enotecapalombi1917/,"Piazza Testaccio, 39, 00153 Roma RM, Italy",,,,,,,,,,,True,https://www.menudigitale.io/enotecapalombi1917/,filtered_out,2026-05-31T09:40:53Z
menudigitale,www.menudigitale.io/nsxaa,ROSSO DI SERA,https://www.menudigitale.io/nsxaa/,,,,,,,,,,,,True,https://www.menudigitale.io/nsxaa/,filtered_out,2026-05-31T09:40:53Z
menudigitale,www.menudigitale.io/cantieredellebirre,"Cantiere delle Birre     (coperto € 1,00)",https://www.menudigitale.io/cantieredellebirre/,"Via Mauro Miscioscia, 14 Lavello (PZ)",,,,,,,,,,,True,https://www.menudigitale.io/cantieredellebirre/,filtered_out,2026-05-31T09:40:53Z
menudigitale,www.menudigitale.io/pizzeria-millennium,Pizzeria MillenniuM,https://www.menudigitale.io/pizzeria-millennium/,Via Garibaldi 2/b,,,,,,,,,,,True,https://www.menudigitale.io/pizzeria-millennium/,filtered_out,2026-05-31T09:40:53Z
menudigitale,www.menudigitale.io/mdzrx,Birreria Ristorante al Giardino,https://www.menudigitale.io/mdzrx/,,,,,,,,,,,,True,https://www.menudigitale.io/mdzrx/,filtered_out,2026-05-31T09:40:53Z
menudigitale,www.menudigitale.io/trxsn/,Ristorante Trattoria Pizzeria,https://www.menudigitale.io/trxsn/?lang=it,,,,,,,,,,,,True,https://www.menudigitale.io/trxsn/?lang=it,filtered_out,2026-05-31T09:40:53Z
menudigitale,www.menudigitale.io/pizzeriacolombo/,Pizzeria Gastronomia Colombo,https://www.menudigitale.io/pizzeriacolombo/?lang=it,"Viale Colombo, 264, Quartu Sant'Elena, 09045 (CA)",,,,,,,,,,,True,https://www.menudigitale.io/pizzeriacolombo/?lang=it,filtered_out,2026-05-31T09:40:53Z
menudigitale,www.menudigitale.io/gold-roger-pizzeria/,Gold Roger pizzeria,https://www.menudigitale.io/gold-roger-pizzeria/?lang=it,"Via Camillo Benso Conte di Cavour, 16, 09016 Iglesias SU, Italia",,,,,,,,,,,True,https://www.menudigitale.io/gold-roger-pizzeria/?lang=it,filtered_out,2026-05-31T09:40:53Z
menudigitale,www.menudigitale.io/pizzeria-ilcapriccio/,Il Capriccio Pizzeria,https://www.menudigitale.io/pizzeria-ilcapriccio/?lang=it,"Piazza Duomo, 92025 Casteltermini AG, Italia",,,,,,,,,,,True,https://www.menudigitale.io/pizzeria-ilcapriccio/?lang=it,filtered_out,2026-05-31T09:40:53Z
menudigitale,www.menudigitale.io/classe-88-pizzeria-contemporanea/,Classe 88,https://www.menudigitale.io/classe-88-pizzeria-contemporanea/?lang=it,"Corso Europa 35, San Giorgio Ionico TA",,,,,,,,,,,True,https://www.menudigitale.io/classe-88-pizzeria-contemporanea/?lang=it,filtered_out,2026-05-31T09:40:53Z
menudigitale,www.menudigitale.io/pizzeria-valenzise/,Pizzeria Valenzise,https://www.menudigitale.io/pizzeria-valenzise/?lang=it,,,,,,,,,,,,True,https://www.menudigitale.io/pizzeria-valenzise/?lang=it,filtered_out,2026-05-31T09:40:53Z
menudigitale,www.menudigitale.io/pizzeria-bellavista/,Pizzeria Bellavista,https://www.menudigitale.io/pizzeria-bellavista/?lang=it,"Via Coste, 1 Idro",,,,,,,,,,,True,https://www.menudigitale.io/pizzeria-bellavista/?lang=it,filtered_out,2026-05-31T09:40:53Z
menudigitale,www.menudigitale.io/vmvxe/,PIZZERIA VALLE MIANO da LUIGI,https://www.menudigitale.io/vmvxe/?lang=it,,,,,,,,,,,,True,https://www.menudigitale.io/vmvxe/?lang=it,filtered_out,2026-05-31T09:40:53Z
menudigitale,www.menudigitale.io/kuebg/,Pizzeria Fratelli Di Giovannantonio,https://www.menudigitale.io/kuebg/?lang=it,,,,,,,,,,,,True,https://www.menudigitale.io/kuebg/?lang=it,filtered_out,2026-05-31T09:40:53Z
menudigitale,www.menudigitale.io/ristorante-castagneto-acerno/,IL CASTAGNETO RISTORANTE PIZZERIA,https://www.menudigitale.io/ristorante-castagneto-acerno/?lang=it,"VIA CAMPI ELISI, 36 84042 ACERNO",,,,,,,,,,,True,https://www.menudigitale.io/ristorante-castagneto-acerno/?lang=it,filtered_out,2026-05-31T09:40:55Z
menudigitale,www.menudigitale.io/tfkds/,Ristorante Monte Linas,https://www.menudigitale.io/tfkds/?lang=it,,,,,,,,,,,,True,https://www.menudigitale.io/tfkds/?lang=it,filtered_out,2026-05-31T09:40:55Z
menudigitale,www.menudigitale.io/nafyw/,ristorante la Tavernetta,https://www.menudigitale.io/nafyw/?lang=it,,,,,,,,,,,,True,https://www.menudigitale.io/nafyw/?lang=it,filtered_out,2026-05-31T09:40:55Z
menudigitale,www.menudigitale.io/ristorante-curiel/,Ristorante Curiel,https://www.menudigitale.io/ristorante-curiel/?lang=it,,,,,,,,,,,,True,https://www.menudigitale.io/ristorante-curiel/?lang=it,filtered_out,2026-05-31T09:40:55Z
menudigitale,www.menudigitale.io/tbqrk/,RISTORANTE TIRENE,https://www.menudigitale.io/tbqrk/?lang=it,,,,,,,,,,,,True,https://www.menudigitale.io/tbqrk/?lang=it,filtered_out,2026-05-31T09:40:55Z
menudigitale,www.menudigitale.io/qzexh/,Ristorante La Stadiera,https://www.menudigitale.io/qzexh/?lang=it,,,,,,,,,,,,True,https://www.menudigitale.io/qzexh/?lang=it,filtered_out,2026-05-31T09:40:55Z
menudigitale,www.menudigitale.io/ristorantecucucamogli/,Ristorante Cucu’ Camogli,https://www.menudigitale.io/ristorantecucucamogli/?lang=it,"Via della Repubblica, 64, 16032 Camogli GE, Italia",,,,,,,,,,,True,https://www.menudigitale.io/ristorantecucucamogli/?lang=it,filtered_out,2026-05-31T09:40:55Z
menudigitale,www.menudigitale.io/mhasb/,Fossadalbero | Leggi il Menu Digitale di Ristorante Castello di Fossadalbero,https://www.menudigitale.io/mhasb/?lang=it,,,,,,,,,,,,True,https://www.menudigitale.io/mhasb/?lang=it,filtered_out,2026-05-31T09:40:55Z
menudigitale,www.menudigitale.io/urfxn/,RISTORANTE DA MIMI',https://www.menudigitale.io/urfxn/?lang=it,"via Domenico Dilascio,7 Lago Sirino 85040 Nemoli pz",,,,,,,,,,,True,https://www.menudigitale.io/urfxn/?lang=it,filtered_out,2026-05-31T09:40:55Z
menudigitale,www.menudigitale.io/bar-roma-pinsa-e-sapori/,Bar Roma,https://www.menudigitale.io/bar-roma-pinsa-e-sapori/?lang=it,Via Vittorio Veneto 22,,,,,,,,,,,True,https://www.menudigitale.io/bar-roma-pinsa-e-sapori/?lang=it,filtered_out,2026-05-31T09:40:55Z
menudigitale,www.menudigitale.io/4voltecaffeloungebar/,MENUDUGITALE 404,https://www.menudigitale.io/4voltecaffeloungebar/?lang=it,,,,,,,,,,,,False,https://www.menudigitale.io/4voltecaffeloungebar/?lang=it,filtered_out,2026-05-31T09:40:55Z
menudigitale,www.menudigitale.io/bar-da-nini/,Da Ninì,https://www.menudigitale.io/bar-da-nini/?lang=it,"Via della libertà, 180, 71036, Lucera (FG)",,,,,,,,,,,True,https://www.menudigitale.io/bar-da-nini/?lang=it,filtered_out,2026-05-31T09:40:55Z
menudigitale,www.menudigitale.io/barattilio/,BAR ATTILIO SNC DI GIANNI E PAOLO SCRIGNA,https://www.menudigitale.io/barattilio/?lang=it,Via Albenga 30 Villanova d’Albenga 17038 sv,,,,,,,,,,,True,https://www.menudigitale.io/barattilio/?lang=it,filtered_out,2026-05-31T09:40:55Z
menudigitale,www.menudigitale.io/qnkpr/,Bar Al Caffè,https://www.menudigitale.io/qnkpr/?lang=it,,,,,,,,,,,,True,https://www.menudigitale.io/qnkpr/?lang=it,filtered_out,2026-05-31T09:40:55Z
menudigitale,www.menudigitale.io/botanical-bar/,Botanical Bar,https://www.menudigitale.io/botanical-bar/?lang=it,,,,,,,,,,,,True,https://www.menudigitale.io/botanical-bar/?lang=it,filtered_out,2026-05-31T09:40:55Z
menudigitale,www.menudigitale.io/uytzt/,Golden Bar,https://www.menudigitale.io/uytzt/?lang=it,,,,,,,,,,,,True,https://www.menudigitale.io/uytzt/?lang=it,filtered_out,2026-05-31T09:40:55Z
menudigitale,www.menudigitale.io/oasi-bar-sweet-and-food/,OASI BAR,https://www.menudigitale.io/oasi-bar-sweet-and-food/?lang=it,,,,,,,,,,,,True,https://www.menudigitale.io/oasi-bar-sweet-and-food/?lang=it,filtered_out,2026-05-31T09:40:55Z
menudigitale,www.menudigitale.io/ristorante-bar-pizzeria-gelateria/,RISTORANTINO ITALIANO,https://www.menudigitale.io/ristorante-bar-pizzeria-gelateria/?lang=it,"Viale Bernini, 3 47843 Misano Adriatico (Rn)",,,,,,,,,,,True,https://www.menudigitale.io/ristorante-bar-pizzeria-gelateria/?lang=it,filtered_out,2026-05-31T09:40:55Z
menudigitale,www.menudigitale.io/rickys-cattivi-ma-buone/,Rickys - Cattivi ma Buone,https://www.menudigitale.io/rickys-cattivi-ma-buone/?lang=it,"Via Commerciale, 12, 35010, Villa del Conte (PD)",,,,,,,,,,,True,https://www.menudigitale.io/rickys-cattivi-ma-buone/?lang=it,filtered_out,2026-05-31T09:40:55Z
menudigitale,www.menudigitale.io/trdbm/,Odeas Irish Pub,https://www.menudigitale.io/trdbm/?lang=it,"Via Borgo Palazzo, 211 - 24125 Bergamo (Bg)",,,,,,,,,,,True,https://www.menudigitale.io/trdbm/?lang=it,filtered_out,2026-05-31T09:40:55Z
menudigitale,www.menudigitale.io/soberpublichouse/,Sober Public House,https://www.menudigitale.io/soberpublichouse/?lang=it,"Via torino 18, 84098 - Pontecagnano (Salerno)",,,,,,,,,,,True,https://www.menudigitale.io/soberpublichouse/?lang=it,filtered_out,2026-05-31T09:40:55Z
menudigitale,www.menudigitale.io/txqge/,Birreria Terzo Tempo,https://www.menudigitale.io/txqge/?lang=it,,,,,,,,,,,,True,https://www.menudigitale.io/txqge/?lang=it,filtered_out,2026-05-31T09:40:55Z
menudigitale,www.menudigitale.io/ckfef/,Pub La Grotta,https://www.menudigitale.io/ckfef/?lang=it,,,,,,,,,,,,True,https://www.menudigitale.io/ckfef/?lang=it,filtered_out,2026-05-31T09:40:55Z
menudigitale,www.menudigitale.io/cantieredellebirre/,"Cantiere delle Birre     (coperto € 1,00)",https://www.menudigitale.io/cantieredellebirre/?lang=it,"Via Mauro Miscioscia, 14 Lavello (PZ)",,,,,,,,,,,True,https://www.menudigitale.io/cantieredellebirre/?lang=it,filtered_out,2026-05-31T09:40:55Z
menudigitale,www.menudigitale.io/crossings-pub/,CROSSING'S PUB,https://www.menudigitale.io/crossings-pub/?lang=it,"Viale Furio Camillo 111, Roma RM, Italia",,,,,,,,,,,True,https://www.menudigitale.io/crossings-pub/?lang=it,filtered_out,2026-05-31T09:40:55Z
menudigitale,www.menudigitale.io/oumbarepub/,Ou Mbare Pub,https://www.menudigitale.io/oumbarepub/?lang=it,Via Largo Molo S.Antonio n.4/6,,,,,,,,,,,True,https://www.menudigitale.io/oumbarepub/?lang=it,filtered_out,2026-05-31T09:40:55Z
menudigitale,www.menudigitale.io/mfcbq/,Soul Pub,https://www.menudigitale.io/mfcbq/?lang=it,,,,,,,,,,,,True,https://www.menudigitale.io/mfcbq/?lang=it,filtered_out,2026-05-31T09:40:55Z
menudigitale,www.menudigitale.io/yfvmd/,Crossroad Pub,https://www.menudigitale.io/yfvmd/?lang=it,,,,,,,,,,,,True,https://www.menudigitale.io/yfvmd/?lang=it,filtered_out,2026-05-31T09:40:55Z
menudigitale,www.menudigitale.io/trattoria-la-tavernetta/,Trattoria La Tavernetta,https://www.menudigitale.io/trattoria-la-tavernetta/?lang=it,"Viale Giuseppe Garibaldi, 73 Trevignano Romano",,,,,,,,,,,True,https://www.menudigitale.io/trattoria-la-tavernetta/?lang=it,filtered_out,2026-05-31T09:40:55Z
menudigitale,www.menudigitale.io/dacatine/,Trattoria Da Catine,https://www.menudigitale.io/dacatine/?lang=it,"Via Aonedis, 78 - San Daniele del Friuli (UD)",,,,,,,,,,,True,https://www.menudigitale.io/dacatine/?lang=it,filtered_out,2026-05-31T09:40:55Z
menudigitale,www.menudigitale.io/gkmmc/,La Corte Trattoria & Pizzeria,https://www.menudigitale.io/gkmmc/?lang=it,,,,,,,,,,,,True,https://www.menudigitale.io/gkmmc/?lang=it,filtered_out,2026-05-31T09:40:57Z
menudigitale,www.menudigitale.io/uhnfr/,Trattoria C'era una Volta,https://www.menudigitale.io/uhnfr/?lang=it,,,,,,,,,,,,True,https://www.menudigitale.io/uhnfr/?lang=it,filtered_out,2026-05-31T09:40:57Z
menudigitale,www.menudigitale.io/trattoria-da-michele/,Trattoria da Michele,https://www.menudigitale.io/trattoria-da-michele/?lang=it,,,,,,,,,,,,True,https://www.menudigitale.io/trattoria-da-michele/?lang=it,filtered_out,2026-05-31T09:40:57Z
menudigitale,www.menudigitale.io/chhkp/,Trattoria Pane e Pomodoro,https://www.menudigitale.io/chhkp/?lang=it,"Via delle Terme, 129, 27052 Godiasco Salice Terme PV, Italia",,,,,,,,,,,True,https://www.menudigitale.io/chhkp/?lang=it,filtered_out,2026-05-31T09:40:57Z
menudigitale,www.menudigitale.io/pnsva/,Renzo | Leggi il Menu Digitale di Trattoria di Renzo,https://www.menudigitale.io/pnsva/?lang=it,,,,,,,,,,,,True,https://www.menudigitale.io/pnsva/?lang=it,filtered_out,2026-05-31T09:40:57Z
menudigitale,www.menudigitale.io/trattoria-vecchio-mercato/,Trattoria Vecchio Mercato,https://www.menudigitale.io/trattoria-vecchio-mercato/?lang=it,Via Piero Gobetti 49/F,,,,,,,,,,,True,https://www.menudigitale.io/trattoria-vecchio-mercato/?lang=it,filtered_out,2026-05-31T09:40:57Z
menudigitale,www.menudigitale.io/hgmum/,Trattoria antellesi,https://www.menudigitale.io/hgmum/?lang=it,,,,,,,,,,,,True,https://www.menudigitale.io/hgmum/?lang=it,filtered_out,2026-05-31T09:40:57Z
menudigitale,www.menudigitale.io/gbxfk/,Bollicine soko sushi,https://www.menudigitale.io/gbxfk/?lang=it,,,,,,,,,,,,True,https://www.menudigitale.io/gbxfk/?lang=it,filtered_out,2026-05-31T09:40:57Z
menudigitale,www.menudigitale.io/koi-sushi-lounge-bar/,Koi sushi lounge bar,https://www.menudigitale.io/koi-sushi-lounge-bar/?lang=it,"Via Longo, 24, 98051 Barcellona Pozzo di Gotto ME, Italia",,,,,,,,,,,True,https://www.menudigitale.io/koi-sushi-lounge-bar/?lang=it,filtered_out,2026-05-31T09:40:57Z
menudigitale,www.menudigitale.io/cgdky/,MENUDUGITALE 404,https://www.menudigitale.io/cgdky/?lang=it,,,,,,,,,,,,False,https://www.menudigitale.io/cgdky/?lang=it,filtered_out,2026-05-31T09:40:57Z
menudigitale,www.menudigitale.io/buvzt/,MenuDigitale |  | Leggi il Menu Digitale di,https://www.menudigitale.io/buvzt/?lang=it,,,,,,,,,,,,True,https://www.menudigitale.io/buvzt/?lang=it,filtered_out,2026-05-31T09:40:57Z
menudigitale,www.menudigitale.io/convivio/,ConVivio - Pizzeria e Dintorni,https://www.menudigitale.io/convivio/?lang=it,"Via IV Novembre, 29, 73010 Lequile LE",,,,,,,,,,,True,https://www.menudigitale.io/convivio/?lang=it,filtered_out,2026-05-31T09:40:57Z
menudigitale,www.menudigitale.io/kecna/,BoccaDiSelva 1550M,https://www.menudigitale.io/kecna/?lang=it,,,,,,,,,,,,True,https://www.menudigitale.io/kecna/?lang=it,filtered_out,2026-05-31T09:40:57Z
menudigitale,www.menudigitale.io/kdfph/,Officina del Gusto,https://www.menudigitale.io/kdfph/?lang=it,,,,,,,,,,,,True,https://www.menudigitale.io/kdfph/?lang=it,filtered_out,2026-05-31T09:40:57Z
menudigitale,www.menudigitale.io/nepys/,La Scogliera,https://www.menudigitale.io/nepys/?lang=it,,,,,,,,,,,,True,https://www.menudigitale.io/nepys/?lang=it,filtered_out,2026-05-31T09:40:57Z
menudigitale,www.menudigitale.io/xnyhn/,U-Tub Torino,https://www.menudigitale.io/xnyhn/?lang=it,,,,,,,,,,,,True,https://www.menudigitale.io/xnyhn/?lang=it,filtered_out,2026-05-31T09:40:58Z
menudigitale,www.menudigitale.io/bmckc/,Bar Dolci Creazioni Pasticceria e Gelateria,https://www.menudigitale.io/bmckc/?lang=it,,,,,,,,,,,,True,https://www.menudigitale.io/bmckc/?lang=it,filtered_out,2026-05-31T09:40:58Z
menudigitale,www.menudigitale.io/zmtfv/,MENUDUGITALE 404,https://www.menudigitale.io/zmtfv/?lang=it,,,,,,,,,,,,False,https://www.menudigitale.io/zmtfv/?lang=it,filtered_out,2026-05-31T09:40:58Z
menudigitale,www.menudigitale.io/vwxux/,L’ISOLA DELLE TENTAZIONI,https://www.menudigitale.io/vwxux/?lang=it,"Ci trovi in Via Degli Oleandri, 8 Isola delle Femmine (PA)",,,,,,,,,,,True,https://www.menudigitale.io/vwxux/?lang=it,filtered_out,2026-05-31T09:40:58Z
menudigitale,www.menudigitale.io/dxurw/,MCGiggi,https://www.menudigitale.io/dxurw/?lang=it,"Via Verdi 35, Latina",,,,,,,,,,,True,https://www.menudigitale.io/dxurw/?lang=it,filtered_out,2026-05-31T09:40:58Z
menudigitale,www.menudigitale.io/phaqp/,Cantiere del Gusto,https://www.menudigitale.io/phaqp/?lang=it,,,,,,,,,,,,True,https://www.menudigitale.io/phaqp/?lang=it,filtered_out,2026-05-31T09:40:58Z
menudigitale,www.menudigitale.io/prgss/,Pescheria il Timone,https://www.menudigitale.io/prgss/?lang=it,,,,,,,,,,,,False,https://www.menudigitale.io/prgss/?lang=it,filtered_out,2026-05-31T09:40:58Z
menudigitale,www.menudigitale.io/dkgea/,Tomato,https://www.menudigitale.io/dkgea/?lang=it,,,,,,,,,,,,False,https://www.menudigitale.io/dkgea/?lang=it,filtered_out,2026-05-31T09:40:58Z
menudigitale,www.menudigitale.io/zghey/,GOLASECCA SEGRATE,https://www.menudigitale.io/zghey/?lang=it,,,,,,,,,,,,True,https://www.menudigitale.io/zghey/?lang=it,filtered_out,2026-05-31T09:40:58Z
menudigitale,www.menudigitale.io/tquzu/,Pizziamoci su…,https://www.menudigitale.io/tquzu/?lang=it,,,,,,,,,,,,True,https://www.menudigitale.io/tquzu/?lang=it,filtered_out,2026-05-31T09:40:58Z
menudigitale,www.menudigitale.io/tpefy/,Lievit’amo,https://www.menudigitale.io/tpefy/?lang=it,,,,,,,,,,,,True,https://www.menudigitale.io/tpefy/?lang=it,filtered_out,2026-05-31T09:40:58Z
menudigitale,www.menudigitale.io/edzmp/,Osteria dei due mari,https://www.menudigitale.io/edzmp/?lang=it,Via Paradisi 4 - 41058 Vignola MO,,,,,,,,,,,True,https://www.menudigitale.io/edzmp/?lang=it,filtered_out,2026-05-31T09:40:58Z
menudigitale,www.menudigitale.io/dycmg/,MENUDUGITALE 404,https://www.menudigitale.io/dycmg/?lang=it,,,,,,,,,,,,False,https://www.menudigitale.io/dycmg/?lang=it,filtered_out,2026-05-31T09:40:58Z
menudigitale,www.menudigitale.io/anticaosteriaaitreleoni/,MENUDUGITALE 404,https://www.menudigitale.io/anticaosteriaaitreleoni/?lang=it,,,,,,,,,,,,False,https://www.menudigitale.io/anticaosteriaaitreleoni/?lang=it,filtered_out,2026-05-31T09:40:58Z
menudigitale,www.menudigitale.io/kftsy/,OSTERIA DEL PASSERO,https://www.menudigitale.io/kftsy/?lang=it,,,,,,,,,,,,True,https://www.menudigitale.io/kftsy/?lang=it,filtered_out,2026-05-31T09:40:58Z
menudigitale,www.menudigitale.io/fdywt/,Osteria del campanile,https://www.menudigitale.io/fdywt/?lang=it,"Via Loggia dei Mercanti, 7",,,,,,,,,,,True,https://www.menudigitale.io/fdywt/?lang=it,filtered_out,2026-05-31T09:40:59Z
menudigitale,www.menudigitale.io/nxkpk/,Antico forno pizzeria osteria,https://www.menudigitale.io/nxkpk/?lang=it,,,,,,,,,,,,True,https://www.menudigitale.io/nxkpk/?lang=it,filtered_out,2026-05-31T09:40:59Z
menudigitale,www.menudigitale.io/dbdvd/,Mamalu Bistrot,https://www.menudigitale.io/dbdvd/?lang=it,"Mamalu, Via Pisana 554, Angolo via degli Stagnacci | Scandicci |",,,,,,,,,,,True,https://www.menudigitale.io/dbdvd/?lang=it,filtered_out,2026-05-31T09:40:59Z
menudigitale,www.menudigitale.io/nnnqq/,Osteria Tavernetta,https://www.menudigitale.io/nnnqq/?lang=it,,,,,,,,,,,,True,https://www.menudigitale.io/nnnqq/?lang=it,filtered_out,2026-05-31T09:40:59Z
menudigitale,www.menudigitale.io/inpiazzetta-caff-osteria-pinseria/,In Piazzetta,https://www.menudigitale.io/inpiazzetta-caff-osteria-pinseria/?lang=it,,,,,,,,,,,,True,https://www.menudigitale.io/inpiazzetta-caff-osteria-pinseria/?lang=it,filtered_out,2026-05-31T09:40:59Z
menudigitale,www.menudigitale.io/osteriapalmiraprati/,Osteria Palmira Prati,https://www.menudigitale.io/osteriapalmiraprati/?lang=it,"Via Augusto Riboty, 20, 00195 Roma RM, Italia",,,,,,,,,,,True,https://www.menudigitale.io/osteriapalmiraprati/?lang=it,filtered_out,2026-05-31T09:40:59Z
